{"cell_id": 313862022, "noise_1_ll_var": 0.5861849585497823, "noise_1_ln_var": 0.6856731866622165, "noise_1_cl_var": 0.59150116597056, "noise_1_cn_var": 0.7123254253189624, "noise_1_ml_var": 0.5473769635316602, "noise_1_mn_var": 0.6881886980967773, "noise_1_lcl_var": 0.6010045087544298, "noise_1_lcn_var": 0.6668167359192807, "noise_1_lml_var": 0.5571504150493221, "noise_1_lmn_var": 0.7258356737201719, "noise_1_cml_var": 0.56368573843224, "noise_1_cmn_var": 0.7391202238298877, "noise_1_lcml_var": 0.5380145751122344, "noise_1_lcmn_var": 0.7302444420276826}