{"cell_id": 313862167, "noise_1_base_var": 0.917555135354144, "noise_1_ll_var": 0.2590062201942578, "noise_1_ln_var": 0.28119030587213084, "noise_1_cl_var": 0.4463935162984028, "noise_1_cn_var": 0.8846703878175237, "noise_1_ml_var": 0.37831489465523105, "noise_1_mn_var": 0.5422489901860514, "noise_1_lcl_var": 0.2955036306979128, "noise_1_lcn_var": 0.4265782043034995, "noise_1_lml_var": 0.92888034630833, "noise_1_lmn_var": 0.34955623860570706, "noise_1_cml_var": 0.3768141481240869, "noise_1_cmn_var": 0.5381855145929113, "noise_1_lcml_var": 0.3028885756520322, "noise_1_lcmn_var": 0.4750764205228645}