{"cell_id": 313862373, "noise_1_ll_var": 0.7682850860784247, "noise_1_ln_var": 0.7856401553994465, "noise_1_cl_var": 0.5582719814042978, "noise_1_cn_var": 0.7614677773521676, "noise_1_ml_var": 0.6489388398080732, "noise_1_mn_var": 0.5769649801286221, "noise_1_lcl_var": 0.537143827633003, "noise_1_lcn_var": 0.7496152500995262, "noise_1_lml_var": 0.653774610747283, "noise_1_lmn_var": 0.5910372612459949, "noise_1_cml_var": 0.43786881785119297, "noise_1_cmn_var": 0.5444515208767262, "noise_1_lcml_var": 0.48893895488212546, "noise_1_lcmn_var": 0.5814046292317702}