{"cell_id": 314642645, "noise_1_base_var": 0.6923791432202328, "noise_1_ll_var": 0.26849285379160914, "noise_1_ln_var": 0.16503925539688824, "noise_1_cl_var": 0.1502886612208932, "noise_1_cn_var": 0.0, "noise_1_ml_var": 0.3663679542460412, "noise_1_mn_var": 0.489974482937585, "noise_1_lcl_var": 0.3058766266548453, "noise_1_lcn_var": 0.3224290425238822, "noise_1_lml_var": 0.29670438043296044, "noise_1_lmn_var": 0.6285171961278792, "noise_1_cml_var": 0.2992175975080202, "noise_1_cmn_var": 0.5100851522353743, "noise_1_lcml_var": 0.40281560394450644, "noise_1_lcmn_var": 0.6575666614896497}