{"cell_id": 314822529, "noise_1_base_var": 0.687588930455365, "noise_1_ll_var": 0.5914563073437067, "noise_1_ln_var": 0.7783223060977275, "noise_1_cl_var": 0.5317176096635101, "noise_1_cn_var": 0.7321368508643827, "noise_1_ml_var": 0.520275501714846, "noise_1_mn_var": 0.6712370863321286, "noise_1_lcl_var": 0.5800218582299231, "noise_1_lcn_var": 0.708196973128041, "noise_1_lml_var": 0.5727144412923318, "noise_1_lmn_var": 0.8010447961249427, "noise_1_cml_var": 0.5372397715375797, "noise_1_cmn_var": 0.6728281411251329, "noise_1_lcml_var": 0.5025162035762117, "noise_1_lcmn_var": 0.7910022851339878}