{"cell_id": 314804042, "noise_1_ll_var": 0.44039408378999106, "noise_1_ln_var": 0.4425327653047183, "noise_1_cl_var": 0.36211430050152804, "noise_1_cn_var": 0.3041870115812185, "noise_1_ml_var": 0.41437581225864817, "noise_1_mn_var": 0.4148368943345695, "noise_1_lcl_var": 0.45781432460513927, "noise_1_lcn_var": 0.4225899320499773, "noise_1_lml_var": 0.43326775136285345, "noise_1_lmn_var": 0.2910977796980098, "noise_1_cml_var": 0.3846060106386789, "noise_1_cmn_var": 0.3876950505264652, "noise_1_lcml_var": 0.3984978432018595, "noise_1_lcmn_var": 0.3369258277154182}