{"cell_id": 314900022, "noise_1_base_var": 0.5345277347095893, "noise_1_ll_var": 0.0, "noise_1_ln_var": 0.26431954583346695, "noise_1_cl_var": 0.0, "noise_1_cn_var": 0.0, "noise_1_ml_var": 0.34024598862133076, "noise_1_mn_var": 0.5337104389982423, "noise_1_lcl_var": 0.2657112397011989, "noise_1_lcn_var": 0.0, "noise_1_lml_var": 0.2917049040983089, "noise_1_lmn_var": 0.4967612084368839, "noise_1_cml_var": 0.29590398956062963, "noise_1_cmn_var": 0.2572368175116618, "noise_1_lcml_var": 0.27335621779505975, "noise_1_lcmn_var": 0.2663222087276832}