{"cell_id": 318733871, "noise_1_base_var": 0.623244844866648, "noise_1_ll_var": 0.20801904125128468, "noise_1_ln_var": 0.1951364472110989, "noise_1_cl_var": 0.3654686350437066, "noise_1_cn_var": 0.33783922507887365, "noise_1_ml_var": 0.614731974796265, "noise_1_mn_var": 0.6000034611368703, "noise_1_lcl_var": 0.22570444843123513, "noise_1_lcn_var": 0.2203467084054432, "noise_1_lml_var": 0.5002426901447183, "noise_1_lmn_var": 0.55369802526317, "noise_1_cml_var": 0.5547602036165244, "noise_1_cmn_var": 0.6260337742255281, "noise_1_lcml_var": 0.3962919230317897, "noise_1_lcmn_var": 0.5518940418963858}