{"cell_id": 318808427, "noise_1_base_var": 0.737719008738467, "noise_1_ll_var": 0.675677761506458, "noise_1_ln_var": 0.6542466649350032, "noise_1_cl_var": 0.4221349841806366, "noise_1_cn_var": 0.3902446000353242, "noise_1_ml_var": 0.6778297010879588, "noise_1_mn_var": 0.6111914346779536, "noise_1_lcl_var": 0.6255438192666247, "noise_1_lcn_var": 0.6666190934123216, "noise_1_lml_var": 0.7240843013316736, "noise_1_lmn_var": 0.7001041948774794, "noise_1_cml_var": 0.6582031216072929, "noise_1_cmn_var": 0.6611928230551503, "noise_1_lcml_var": 0.6712406879041374, "noise_1_lcmn_var": 0.7257154267540322}