{"cell_id": 320207387, "noise_1_base_var": 0.8718796629501747, "noise_1_ll_var": 0.5713270205830392, "noise_1_ln_var": 0.7828702185187794, "noise_1_cl_var": 0.755823716523615, "noise_1_cn_var": 0.7499569856887285, "noise_1_ml_var": 0.5487559778338489, "noise_1_mn_var": 0.7962204650885273, "noise_1_lcl_var": 0.5967096576978288, "noise_1_lcn_var": 0.7549398224799861, "noise_1_lml_var": 0.6012078798780452, "noise_1_lmn_var": 0.7917677547811784, "noise_1_cml_var": 0.6005581551872006, "noise_1_cmn_var": 0.7561691713288441, "noise_1_lcml_var": 0.5677326408219062, "noise_1_lcmn_var": 0.7852411799889866}