{"cell_id": 321708130, "noise_1_ll_var": 0.7655758690329773, "noise_1_ln_var": 0.5989241259374648, "noise_1_cl_var": 0.4908242321293181, "noise_1_cn_var": 0.3070025494095666, "noise_1_ml_var": 0.9323716870750902, "noise_1_mn_var": 0.6086521528850667, "noise_1_lcl_var": 0.45670712888707166, "noise_1_lcn_var": 0.7141978114748467, "noise_1_lml_var": 0.8126426257590097, "noise_1_lmn_var": 0.7236597976766639, "noise_1_cml_var": 0.6731946017042423, "noise_1_cmn_var": 0.5121620869864301, "noise_1_lcml_var": 0.46830931298015, "noise_1_lcmn_var": 0.7432604098652023}