{"cell_id": 321906005, "noise_1_ll_var": 0.17456371710966165, "noise_1_ln_var": 0.04563744286848476, "noise_1_cl_var": 0.30666540693469413, "noise_1_cn_var": 0.4148801161096334, "noise_1_ml_var": 0.43348749973551437, "noise_1_mn_var": 0.6394313358630661, "noise_1_lcl_var": 0.25011356776220534, "noise_1_lcn_var": 0.055308036089535266, "noise_1_lml_var": 0.3379833381154632, "noise_1_lmn_var": 0.04652380382082654, "noise_1_cml_var": 0.40946583595861524, "noise_1_cmn_var": 0.44106395348656396, "noise_1_lcml_var": 0.3382025596818309, "noise_1_lcmn_var": 0.19401506456997514}