{"cell_id": 323452196, "noise_1_ll_var": 0.876031273907889, "noise_1_ln_var": 0.8628215865232245, "noise_1_cl_var": 0.12903507186304602, "noise_1_cn_var": 0.488629896804708, "noise_1_ml_var": 0.8113328113366345, "noise_1_mn_var": 0.658708299855301, "noise_1_lcl_var": 0.17769106892716108, "noise_1_lcn_var": 0.9235239473888648, "noise_1_lml_var": 0.6053072620737456, "noise_1_lmn_var": 0.8599613318511257, "noise_1_cml_var": 0.05498941565318638, "noise_1_cmn_var": 0.5879836518044471, "noise_1_lcml_var": 0.34545615760538906, "noise_1_lcmn_var": 0.638324315709446}