{"cell_id": 323475862, "noise_1_ll_var": 0.2931773070635552, "noise_1_ln_var": 0.1998522083296965, "noise_1_cl_var": 0.5369391369092911, "noise_1_cn_var": 0.3796066464399925, "noise_1_ml_var": 0.1492138931830852, "noise_1_mn_var": 0.3314104758615551, "noise_1_lcl_var": 0.6215475260230382, "noise_1_lcn_var": 0.1968637300598951, "noise_1_lml_var": 0.3632725634381618, "noise_1_lmn_var": 0.1927590575297003, "noise_1_cml_var": 0.37445421897288145, "noise_1_cmn_var": 0.5757790203142511, "noise_1_lcml_var": 0.36809829689162593, "noise_1_lcmn_var": 0.24043695178366997}