{"cell_id": 323452245, "noise_1_base_var": 0.7821606259113084, "noise_1_ll_var": 0.6651797690688389, "noise_1_ln_var": 0.5508891686702299, "noise_1_cl_var": 0.6514293739843607, "noise_1_cn_var": 0.6500646705996483, "noise_1_ml_var": 0.6411553820548175, "noise_1_mn_var": 0.6310765226586826, "noise_1_lcl_var": 0.6504229027552896, "noise_1_lcn_var": 0.6720773984084678, "noise_1_lml_var": 0.6591899811476281, "noise_1_lmn_var": 0.7109507188890544, "noise_1_cml_var": 0.6343420836390721, "noise_1_cmn_var": 0.6534210760604108, "noise_1_lcml_var": 0.6673953572999644, "noise_1_lcmn_var": 0.7635051753835654}