{"cell_id": 324025297, "noise_1_base_var": 0.41401529615701776, "noise_1_ll_var": 0.2275417642138868, "noise_1_ln_var": 0.0, "noise_1_cl_var": 0.12745779356396006, "noise_1_cn_var": 0.0, "noise_1_ml_var": 0.0, "noise_1_mn_var": 0.0, "noise_1_lcl_var": 0.06707243641945283, "noise_1_lcn_var": 0.15448423706531317, "noise_1_lml_var": 0.14753388534302356, "noise_1_lmn_var": 0.048412278942863894, "noise_1_cml_var": 0.0, "noise_1_cmn_var": 0.0, "noise_1_lcml_var": 0.0, "noise_1_lcmn_var": 0.0629720086639328}