{"cell_id": 324025371, "noise_1_base_var": 0.6625815667224336, "noise_1_ll_var": 0.4697692832924769, "noise_1_ln_var": 0.45720329502542717, "noise_1_cl_var": 0.5268139725898888, "noise_1_cn_var": 0.6170942802695316, "noise_1_ml_var": 0.5710325423686254, "noise_1_mn_var": 0.5439836475440534, "noise_1_lcl_var": 0.513897285972691, "noise_1_lcn_var": 0.4123995484546477, "noise_1_lml_var": 0.5097463645297775, "noise_1_lmn_var": 0.4452895330456497, "noise_1_cml_var": 0.4794856330501423, "noise_1_cmn_var": 0.5985024956838702, "noise_1_lcml_var": 0.5118651229457133, "noise_1_lcmn_var": 0.4379101897251005}