{"cell_id": 324266189, "noise_1_base_var": 0.6615516428152143, "noise_1_ll_var": 0.0, "noise_1_ln_var": 0.0, "noise_1_cl_var": 0.6016307805499537, "noise_1_cn_var": 0.011441634576799921, "noise_1_ml_var": 0.2750400270299677, "noise_1_mn_var": 0.5279828565565623, "noise_1_lcl_var": 0.0, "noise_1_lcn_var": 0.0, "noise_1_lml_var": 0.23900874993949908, "noise_1_lmn_var": 0.41690916198204825, "noise_1_cml_var": 0.346557192735393, "noise_1_cmn_var": 0.433959840901645, "noise_1_lcml_var": 0.5881320541915032, "noise_1_lcmn_var": 0.2376897489179419}