{"cell_id": 324493977, "noise_1_base_var": 0.861485301201204, "noise_1_ll_var": 0.22211304150192634, "noise_1_ln_var": 0.273076241050303, "noise_1_cl_var": 0.7211401541115804, "noise_1_cn_var": 0.16492052151036718, "noise_1_ml_var": 0.8670088967964078, "noise_1_mn_var": 0.2994327242630207, "noise_1_lcl_var": 0.835242368098546, "noise_1_lcn_var": 0.1906760791162737, "noise_1_lml_var": 0.8295578232372177, "noise_1_lmn_var": 0.38737163701251304, "noise_1_cml_var": 0.8652242877634868, "noise_1_cmn_var": 0.4341161343961633, "noise_1_lcml_var": 0.8762730289320311, "noise_1_lcmn_var": 0.25256908571932246}