{"cell_id": 324521027, "noise_1_ll_var": 0.21586435083694622, "noise_1_ln_var": 0.09687977203254505, "noise_1_cl_var": 0.0, "noise_1_cn_var": 0.0, "noise_1_ml_var": 0.0, "noise_1_mn_var": 0.0, "noise_1_lcl_var": 0.2754241592695515, "noise_1_lcn_var": 0.09085222263532867, "noise_1_lml_var": 0.12030750083751528, "noise_1_lmn_var": 0.10495231907671213, "noise_1_cml_var": 0.0, "noise_1_cmn_var": 0.0, "noise_1_lcml_var": 0.0, "noise_1_lcmn_var": 0.09629633855544492}