{"cell_id": 327962063, "noise_1_base_var": 0.8057716763523539, "noise_1_ll_var": 0.0, "noise_1_ln_var": 0.0, "noise_1_cl_var": 0.07843118513862585, "noise_1_cn_var": 0.0943213788130472, "noise_1_ml_var": 0.0, "noise_1_mn_var": 0.08926428082472873, "noise_1_lcl_var": 0.0, "noise_1_lcn_var": 0.07784113616651829, "noise_1_lml_var": 0.0, "noise_1_lmn_var": 0.2427540094286038, "noise_1_cml_var": 0.12438484011480744, "noise_1_cmn_var": 0.23813458358486067, "noise_1_lcml_var": 0.09259864392970478, "noise_1_lcmn_var": 0.39721406655879343}