{"cell_id": 329550277, "noise_1_base_var": 0.7429906757811248, "noise_1_ll_var": 0.5021163602607369, "noise_1_ln_var": 0.7133020746498847, "noise_1_cl_var": 0.5142704472767894, "noise_1_cn_var": 0.6391174620968417, "noise_1_ml_var": 0.2757515947774803, "noise_1_mn_var": 0.6414635902236434, "noise_1_lcl_var": 0.5210972130009468, "noise_1_lcn_var": 0.6865411049094463, "noise_1_lml_var": 0.5327320858083398, "noise_1_lmn_var": 0.6832276362002689, "noise_1_cml_var": 0.5392874445698319, "noise_1_cmn_var": 0.7110099515456241, "noise_1_lcml_var": 0.5946852537907331, "noise_1_lcmn_var": 0.6944771127383749}