{"cell_id": 333604946, "noise_1_ll_var": 0.36197212900749776, "noise_1_ln_var": 0.3751378936811526, "noise_1_cl_var": 0.40440919140101994, "noise_1_cn_var": 0.8059833179739755, "noise_1_ml_var": 0.4637978181269712, "noise_1_mn_var": 0.6651453199645122, "noise_1_lcl_var": 0.9369133830691052, "noise_1_lcn_var": 0.3613460203224585, "noise_1_lml_var": 0.4262119202590246, "noise_1_lmn_var": 0.5848983129763443, "noise_1_cml_var": 0.46916353784540415, "noise_1_cmn_var": 0.7728828217163233, "noise_1_lcml_var": 0.41855279450445604, "noise_1_lcmn_var": 0.5184941527980642}