{"cell_id": 341442651, "noise_1_base_var": 0.9142092658372654, "noise_1_ll_var": 0.3882502133325007, "noise_1_ln_var": 0.7926105919162982, "noise_1_cl_var": 0.5301794819721886, "noise_1_cn_var": 0.9032297900275242, "noise_1_ml_var": 0.4176891595192902, "noise_1_mn_var": 0.6266953604036137, "noise_1_lcl_var": 0.40435820527333693, "noise_1_lcn_var": 0.8700887242572579, "noise_1_lml_var": 0.3799686712775125, "noise_1_lmn_var": 0.8010488899869462, "noise_1_cml_var": 0.402536047620623, "noise_1_cmn_var": 0.8318403007345115, "noise_1_lcml_var": 0.3599005351636559, "noise_1_lcmn_var": 0.8228317096742774}