{"cell_id": 349621141, "noise_1_ll_var": 0.44654352320459956, "noise_1_ln_var": 0.44382803119050745, "noise_1_cl_var": 0.4334447775604109, "noise_1_cn_var": 0.5774539576029695, "noise_1_ml_var": 0.5299518143112582, "noise_1_mn_var": 0.5196145564105985, "noise_1_lcl_var": 0.6102089787234369, "noise_1_lcn_var": 0.3748660286424834, "noise_1_lml_var": 0.511697625517851, "noise_1_lmn_var": 0.45722555599871223, "noise_1_cml_var": 0.4652373663056858, "noise_1_cmn_var": 0.46140658171087484, "noise_1_lcml_var": 0.37300940873126875, "noise_1_lcmn_var": 0.49716254972224805}