{"cell_id": 354190013, "noise_1_base_var": 0.5921901073065379, "noise_1_ll_var": 0.39058039326161786, "noise_1_ln_var": 0.3791069157074847, "noise_1_cl_var": 0.35602925463788837, "noise_1_cn_var": 0.2872327493997019, "noise_1_ml_var": 0.36441733687080524, "noise_1_mn_var": 0.4992199998222039, "noise_1_lcl_var": 0.3178475780890858, "noise_1_lcn_var": 0.32241139687995146, "noise_1_lml_var": 0.41999642846465485, "noise_1_lmn_var": 0.415722208191901, "noise_1_cml_var": 0.46224497295455824, "noise_1_cmn_var": 0.43406871714678075, "noise_1_lcml_var": 0.44779525920751934, "noise_1_lcmn_var": 0.5284370367685495}