{"cell_id": 354833767, "noise_1_base_var": 0.6872219738609084, "noise_1_ll_var": 0.5618791929556615, "noise_1_ln_var": 0.4157396154854162, "noise_1_cl_var": 0.4985532793156473, "noise_1_cn_var": 0.45123082832756556, "noise_1_ml_var": 0.5128012032989107, "noise_1_mn_var": 0.4282796169578986, "noise_1_lcl_var": 0.5604384893143283, "noise_1_lcn_var": 0.49084340144278127, "noise_1_lml_var": 0.5555621708619135, "noise_1_lmn_var": 0.619786488515067, "noise_1_cml_var": 0.5450629600779925, "noise_1_cmn_var": 0.49969988796059, "noise_1_lcml_var": 0.5507659520318343, "noise_1_lcmn_var": 0.6038623023489933}