{"cell_id": 370351753, "noise_1_base_var": 0.6466262843162515, "noise_1_ll_var": 0.5887762289996027, "noise_1_ln_var": 0.442150462233689, "noise_1_cl_var": 0.6153398423921533, "noise_1_cn_var": 0.5337409536408495, "noise_1_ml_var": 0.5505899232790639, "noise_1_mn_var": 0.5523520036908455, "noise_1_lcl_var": 0.5380453746829132, "noise_1_lcn_var": 0.628644126092168, "noise_1_lml_var": 0.5193616717248983, "noise_1_lmn_var": 0.5734139445731333, "noise_1_cml_var": 0.5355099948210325, "noise_1_cmn_var": 0.5790361779343962, "noise_1_lcml_var": 0.513371225441927, "noise_1_lcmn_var": 0.6618217925255824}