{"cell_id": 382982932, "noise_1_base_var": 0.8856563025227512, "noise_1_ll_var": 0.7539242726176808, "noise_1_ln_var": 0.7725713512521454, "noise_1_cl_var": 0.536843643738411, "noise_1_cn_var": 0.7764680210730239, "noise_1_ml_var": 0.6784295056448199, "noise_1_mn_var": 0.8745340999147051, "noise_1_lcl_var": 0.7197825886370746, "noise_1_lcn_var": 0.7797109517071308, "noise_1_lml_var": 0.7441827250898639, "noise_1_lmn_var": 0.8346063462231813, "noise_1_cml_var": 0.6486524908640829, "noise_1_cmn_var": 0.8867815566077729, "noise_1_lcml_var": 0.6545547868173258, "noise_1_lcmn_var": 0.8236438540374033}