{"cell_id": 386049446, "noise_1_base_var": 0.6555996790450055, "noise_1_ll_var": 0.16564761881836412, "noise_1_ln_var": 0.1541637812754687, "noise_1_cl_var": 0.5113113575319547, "noise_1_cn_var": 0.5306861556611826, "noise_1_ml_var": 0.6023921470816059, "noise_1_mn_var": 0.5865210078152705, "noise_1_lcl_var": 0.14987180782415083, "noise_1_lcn_var": 0.09401597412989912, "noise_1_lml_var": 0.4237534703827191, "noise_1_lmn_var": 0.7183488092766817, "noise_1_cml_var": 0.5524188004488902, "noise_1_cmn_var": 0.6287530620182853, "noise_1_lcml_var": 0.46736552852826546, "noise_1_lcmn_var": 0.6537930158270483}