{"cell_id": 395830185, "noise_1_base_var": 0.5676850312700319, "noise_1_ll_var": 0.3988014499099123, "noise_1_ln_var": 0.4776314243088481, "noise_1_cl_var": 0.16328351890121515, "noise_1_cn_var": 0.1843812226408988, "noise_1_ml_var": 0.0, "noise_1_mn_var": 0.0, "noise_1_lcl_var": 0.3379076518416474, "noise_1_lcn_var": 0.4641380537202923, "noise_1_lml_var": 0.1891331901744328, "noise_1_lmn_var": 0.2997522267954782, "noise_1_cml_var": 0.0, "noise_1_cmn_var": 0.0, "noise_1_lcml_var": 0.0, "noise_1_lcmn_var": 0.29186631984236705}