{"cell_id": 396608557, "noise_1_ll_var": 0.5758952488043777, "noise_1_ln_var": 0.2664923159255764, "noise_1_cl_var": 0.8039418066594616, "noise_1_cn_var": 0.46381705916973304, "noise_1_ml_var": 0.3920081705940231, "noise_1_mn_var": 0.4012295976015483, "noise_1_lcl_var": 0.33108256496202076, "noise_1_lcn_var": 0.42582996655104194, "noise_1_lml_var": 0.6720141157759285, "noise_1_lmn_var": 0.39980737255996607, "noise_1_cml_var": 0.7830328614932796, "noise_1_cmn_var": 0.3895230774021556, "noise_1_lcml_var": 0.3866811098113929, "noise_1_lcmn_var": 0.3397492907172471}