{"cell_id": 397353539, "noise_1_base_var": 0.7213780379010765, "noise_1_ll_var": 0.3345422162210163, "noise_1_ln_var": 0.27847481367307814, "noise_1_cl_var": 0.47484812264370774, "noise_1_cn_var": 0.510600804728851, "noise_1_ml_var": 0.3840380434961013, "noise_1_mn_var": 0.27743696730776884, "noise_1_lcl_var": 0.333028337542497, "noise_1_lcn_var": 0.2804502514944366, "noise_1_lml_var": 0.30768260459599633, "noise_1_lmn_var": 0.37205247302142785, "noise_1_cml_var": 0.4615902632930703, "noise_1_cmn_var": 0.3579784590711038, "noise_1_lcml_var": 0.31487301397298906, "noise_1_lcmn_var": 0.4231637947162667}