{"cell_id": 422738880, "noise_1_base_var": 0.6752706436453577, "noise_1_ll_var": 0.4935342421942144, "noise_1_ln_var": 0.6037260200918008, "noise_1_cl_var": 0.5424708147607619, "noise_1_cn_var": 0.6763293649498998, "noise_1_ml_var": 0.5524595812634049, "noise_1_mn_var": 0.5622866634611292, "noise_1_lcl_var": 0.46401224201172836, "noise_1_lcn_var": 0.5453632908591106, "noise_1_lml_var": 0.4734334494244375, "noise_1_lmn_var": 0.585347562155975, "noise_1_cml_var": 0.5993530275147175, "noise_1_cmn_var": 0.6436719558242153, "noise_1_lcml_var": 0.44671482536292556, "noise_1_lcmn_var": 0.6141871756225289}