{"cell_id": 466632464, "noise_1_base_var": 0.7424607050552102, "noise_1_ll_var": 0.45276889782243473, "noise_1_ln_var": 0.6482113706425416, "noise_1_cl_var": 0.30186419616438886, "noise_1_cn_var": 0.44949068995659486, "noise_1_ml_var": 0.5255470089995984, "noise_1_mn_var": 0.6213621463968798, "noise_1_lcl_var": 0.49509329719940925, "noise_1_lcn_var": 0.7185795958260147, "noise_1_lml_var": 0.4294662862937919, "noise_1_lmn_var": 0.6099844240317619, "noise_1_cml_var": 0.5353376912645321, "noise_1_cmn_var": 0.5612032672521167, "noise_1_lcml_var": 0.38869515003142535, "noise_1_lcmn_var": 0.634060352585711}