{"cell_id": 467703703, "noise_1_base_var": 0.7487916469432425, "noise_1_ll_var": 0.5491276570436927, "noise_1_ln_var": 0.5226804070311568, "noise_1_cl_var": 0.5119632848197634, "noise_1_cn_var": 0.5626855373566118, "noise_1_ml_var": 0.5960631963270112, "noise_1_mn_var": 0.7157193825770752, "noise_1_lcl_var": 0.5229065396437204, "noise_1_lcn_var": 0.5021448618180586, "noise_1_lml_var": 0.632213375463324, "noise_1_lmn_var": 0.6288512828426415, "noise_1_cml_var": 0.6265393637476183, "noise_1_cmn_var": 0.6518297385170634, "noise_1_lcml_var": 0.6823798385723924, "noise_1_lcmn_var": 0.6322638271018408}