{"cell_id": 468193142, "noise_1_ll_var": 0.6681330735100328, "noise_1_ln_var": 0.6655298124186861, "noise_1_cl_var": 0.6682512784508796, "noise_1_cn_var": 0.7055565547637915, "noise_1_ml_var": 0.666296991112594, "noise_1_mn_var": 0.6762464203293783, "noise_1_lcl_var": 0.6780176591980825, "noise_1_lcn_var": 0.659793849994152, "noise_1_lml_var": 0.6829551572076421, "noise_1_lmn_var": 0.6722952219818846, "noise_1_cml_var": 0.6341942180575638, "noise_1_cmn_var": 0.6641663864937262, "noise_1_lcml_var": 0.6457206389049022, "noise_1_lcmn_var": 0.6447679098126967}