{"cell_id": 468120757, "noise_1_base_var": 0.6842959702716068, "noise_1_ll_var": 0.496631198207198, "noise_1_ln_var": 0.5873973566921793, "noise_1_cl_var": 0.48869492199635617, "noise_1_cn_var": 0.5789051739710066, "noise_1_ml_var": 0.39895825594815953, "noise_1_mn_var": 0.6937031046874997, "noise_1_lcl_var": 0.474695274026914, "noise_1_lcn_var": 0.56033076504367, "noise_1_lml_var": 0.5981774135473747, "noise_1_lmn_var": 0.6528755438603856, "noise_1_cml_var": 0.273902086616391, "noise_1_cmn_var": 0.6987357542406567, "noise_1_lcml_var": 0.5873365632682891, "noise_1_lcmn_var": 0.6653843819261989}