{"cell_id": 469704261, "noise_1_base_var": 0.896898809060482, "noise_1_ll_var": 0.7261924591226776, "noise_1_ln_var": 0.7090237413868277, "noise_1_cl_var": 0.7313280382632563, "noise_1_cn_var": 0.6809199084279062, "noise_1_ml_var": 0.6792648996199937, "noise_1_mn_var": 0.6537323255052808, "noise_1_lcl_var": 0.744954185212955, "noise_1_lcn_var": 0.7158897129054811, "noise_1_lml_var": 0.7142038530560708, "noise_1_lmn_var": 0.7608771749314395, "noise_1_cml_var": 0.6718809620061068, "noise_1_cmn_var": 0.6845163351017183, "noise_1_lcml_var": 0.7067910255300077, "noise_1_lcmn_var": 0.6886751582312629}