{"cell_id": 469793303, "noise_1_base_var": 0.6527233015035323, "noise_1_ll_var": 0.6412061116511057, "noise_1_ln_var": 0.6347641339512934, "noise_1_cl_var": 0.6088359464585764, "noise_1_cn_var": 0.6534018097608865, "noise_1_ml_var": 0.5293632634879699, "noise_1_mn_var": 0.5879927934205144, "noise_1_lcl_var": 0.5649972661147825, "noise_1_lcn_var": 0.585905026957563, "noise_1_lml_var": 0.5990827322368869, "noise_1_lmn_var": 0.6520552339374908, "noise_1_cml_var": 0.5676940335779609, "noise_1_cmn_var": 0.6496573049255631, "noise_1_lcml_var": 0.6503162997659787, "noise_1_lcmn_var": 0.6633561650706249}