{"cell_id": 469992918, "noise_1_ll_var": 0.3972281403341087, "noise_1_ln_var": 0.4734341110214212, "noise_1_cl_var": 0.43511034942834337, "noise_1_cn_var": 0.6511786807164517, "noise_1_ml_var": 0.4103736892236809, "noise_1_mn_var": 0.5566809221429284, "noise_1_lcl_var": 0.47362963921788004, "noise_1_lcn_var": 0.43717332873191894, "noise_1_lml_var": 0.3970459480365338, "noise_1_lmn_var": 0.5090140374655964, "noise_1_cml_var": 0.4145871353872657, "noise_1_cmn_var": 0.618520718523594, "noise_1_lcml_var": 0.39595402392999973, "noise_1_lcmn_var": 0.471342360935232}