{"cell_id": 471077468, "noise_1_ll_var": 0.3256967196757742, "noise_1_ln_var": 0.2558829276196341, "noise_1_cl_var": 0.4708889299026156, "noise_1_cn_var": 0.6664348913362929, "noise_1_ml_var": 0.3107408495793213, "noise_1_mn_var": 0.4845210495965853, "noise_1_lcl_var": 0.32804805269086906, "noise_1_lcn_var": 0.38926341220065624, "noise_1_lml_var": 0.3090527765610177, "noise_1_lmn_var": 0.31095250810663444, "noise_1_cml_var": 0.2938567735904142, "noise_1_cmn_var": 0.4320850592740204, "noise_1_lcml_var": 0.29531105348989867, "noise_1_lcmn_var": 0.26870913811577696}