{"cell_id": 471077857, "noise_1_ll_var": 0.7426599573787059, "noise_1_ln_var": 0.8809171696889952, "noise_1_cl_var": 0.8128642977207742, "noise_1_cn_var": 0.8778341054421857, "noise_1_ml_var": 0.5165212296425302, "noise_1_mn_var": 0.7747642454446737, "noise_1_lcl_var": 0.367672401166553, "noise_1_lcn_var": 0.6884397171942073, "noise_1_lml_var": 0.8252746594813126, "noise_1_lmn_var": 0.9081923803646756, "noise_1_cml_var": 0.4975194474580092, "noise_1_cmn_var": 0.8046044821273938, "noise_1_lcml_var": 0.43959623384567, "noise_1_lcmn_var": 0.30629380116670746}