{"cell_id": 471087830, "noise_1_base_var": 0.9786157393107311, "noise_1_ll_var": 0.5710389103354463, "noise_1_ln_var": 0.3957237034134914, "noise_1_cl_var": 0.2945361177792294, "noise_1_cn_var": 0.6191361649477262, "noise_1_ml_var": 0.3943532950616381, "noise_1_mn_var": 0.6363117569639241, "noise_1_lcl_var": 0.31271743609856156, "noise_1_lcn_var": 0.8047154990921612, "noise_1_lml_var": 0.6616832321919305, "noise_1_lmn_var": 0.7222316326765365, "noise_1_cml_var": 0.3562950932829425, "noise_1_cmn_var": 0.7287326820437047, "noise_1_lcml_var": 0.384250698832731, "noise_1_lcmn_var": 0.7249746679431139}