{"cell_id": 471143169, "noise_1_ll_var": 0.37925248403573264, "noise_1_ln_var": 0.1760502080678485, "noise_1_cl_var": 0.3923513269424421, "noise_1_cn_var": 0.38446727390036955, "noise_1_ml_var": 0.412652342420647, "noise_1_mn_var": 0.3629338631723486, "noise_1_lcl_var": 0.34007787587788324, "noise_1_lcn_var": 0.10611036547044031, "noise_1_lml_var": 0.33541716554096795, "noise_1_lmn_var": 0.2344247287168791, "noise_1_cml_var": 0.29233801628563827, "noise_1_cmn_var": 0.3566720216682091, "noise_1_lcml_var": 0.31395571638886427, "noise_1_lcmn_var": 0.24165672342764602}