{"cell_id": 471129934, "noise_1_base_var": 0.7841156357089877, "noise_1_ll_var": 0.5557309460972188, "noise_1_ln_var": 0.5780461181451628, "noise_1_cl_var": 0.3775607754474961, "noise_1_cn_var": 0.37256455223923046, "noise_1_ml_var": 0.6956411403156073, "noise_1_mn_var": 0.6137578402418244, "noise_1_lcl_var": 0.6026713302476998, "noise_1_lcn_var": 0.5749578309691161, "noise_1_lml_var": 0.6493297634718975, "noise_1_lmn_var": 0.7378323586308969, "noise_1_cml_var": 0.7146703953806635, "noise_1_cmn_var": 0.6090832176033146, "noise_1_lcml_var": 0.5642697645853716, "noise_1_lcmn_var": 0.7320149356238943}