{"cell_id": 471141261, "noise_1_base_var": 0.7887990477580189, "noise_1_ll_var": 0.6761374958078016, "noise_1_ln_var": 0.4998631827289812, "noise_1_cl_var": 0.7103706334129267, "noise_1_cn_var": 0.7373452065831815, "noise_1_ml_var": 0.6442419125662343, "noise_1_mn_var": 0.6679623002130812, "noise_1_lcl_var": 0.7192653807594401, "noise_1_lcn_var": 0.6777076103099776, "noise_1_lml_var": 0.681618775346587, "noise_1_lmn_var": 0.602081954552187, "noise_1_cml_var": 0.674109791193482, "noise_1_cmn_var": 0.6450494092355121, "noise_1_lcml_var": 0.6878181903720447, "noise_1_lcmn_var": 0.7087135371419544}