{"cell_id": 471410185, "noise_1_ll_var": 0.5742889983611592, "noise_1_ln_var": 0.6765251794439097, "noise_1_cl_var": 0.27718282666479804, "noise_1_cn_var": 0.38389511533737974, "noise_1_ml_var": 0.5435543625888066, "noise_1_mn_var": 0.5463860077020504, "noise_1_lcl_var": 0.5368974694047765, "noise_1_lcn_var": 0.686687032697539, "noise_1_lml_var": 0.47283603759612397, "noise_1_lmn_var": 0.5690788451582174, "noise_1_cml_var": 0.18013855890302832, "noise_1_cmn_var": 0.42234708057637405, "noise_1_lcml_var": 0.561027374334414, "noise_1_lcmn_var": 0.4680942458789334}