{"cell_id": 471758398, "noise_1_ll_var": 0.5689561936739849, "noise_1_ln_var": 0.6003124846892453, "noise_1_cl_var": 0.5018226837443076, "noise_1_cn_var": 0.5052957083172457, "noise_1_ml_var": 0.5794691519421845, "noise_1_mn_var": 0.5180126034971666, "noise_1_lcl_var": 0.5139944610650313, "noise_1_lcn_var": 0.5464059110034295, "noise_1_lml_var": 0.5553105783050536, "noise_1_lmn_var": 0.5946066461533703, "noise_1_cml_var": 0.4924732685630432, "noise_1_cmn_var": 0.5988390146726824, "noise_1_lcml_var": 0.538440936416442, "noise_1_lcmn_var": 0.5895635000629184}