{"cell_id": 471767045, "noise_1_ll_var": 0.7000188166933801, "noise_1_ln_var": 0.7328349159550155, "noise_1_cl_var": 0.7045954671202391, "noise_1_cn_var": 0.7379796297841544, "noise_1_ml_var": 0.0, "noise_1_mn_var": 0.7189167611722138, "noise_1_lcl_var": 0.7171239314901188, "noise_1_lcn_var": 0.7330938971721327, "noise_1_lml_var": 0.0874175734627026, "noise_1_lmn_var": 0.7118902582542641, "noise_1_cml_var": 0.0, "noise_1_cmn_var": 0.7230529167058408, "noise_1_lcml_var": 0.07313215962637262, "noise_1_lcmn_var": 0.7311309186840412}