{"cell_id": 471789504, "noise_1_base_var": 0.8785394550035083, "noise_1_ll_var": 0.600399875085523, "noise_1_ln_var": 0.39369690260436097, "noise_1_cl_var": 0.40502142000869434, "noise_1_cn_var": 0.5350502082466829, "noise_1_ml_var": 0.3578869710888034, "noise_1_mn_var": 0.6769971181332096, "noise_1_lcl_var": 0.43372361276751664, "noise_1_lcn_var": 0.3876129682873349, "noise_1_lml_var": 0.3769870135797782, "noise_1_lmn_var": 0.6371567524546752, "noise_1_cml_var": 0.422890182386119, "noise_1_cmn_var": 0.6721859246376526, "noise_1_lcml_var": 0.4041214996840824, "noise_1_lcmn_var": 0.7010370600603748}