{"cell_id": 471786879, "noise_1_ll_var": 0.5916646269826523, "noise_1_ln_var": 0.6877737602184749, "noise_1_cl_var": 0.6226032921569449, "noise_1_cn_var": 0.8127257533444254, "noise_1_ml_var": 0.5411705933991712, "noise_1_mn_var": 0.7392372389480456, "noise_1_lcl_var": 0.6538062103608379, "noise_1_lcn_var": 0.6748786066111134, "noise_1_lml_var": 0.6152196963945419, "noise_1_lmn_var": 0.6602967882616138, "noise_1_cml_var": 0.6858322039693243, "noise_1_cmn_var": 0.7363855103572576, "noise_1_lcml_var": 0.6289932028237455, "noise_1_lcmn_var": 0.6028956172279321}