{"cell_id": 471800189, "noise_1_base_var": 0.8040158139130347, "noise_1_ll_var": 0.6485186164801231, "noise_1_ln_var": 0.6323182835922315, "noise_1_cl_var": 0.6699239976252395, "noise_1_cn_var": 0.7484662369346936, "noise_1_ml_var": 0.7296213316189936, "noise_1_mn_var": 0.7806753166879588, "noise_1_lcl_var": 0.6300047288527231, "noise_1_lcn_var": 0.6411973186872185, "noise_1_lml_var": 0.699151295018247, "noise_1_lmn_var": 0.7621005543910416, "noise_1_cml_var": 0.4668863202670476, "noise_1_cmn_var": 0.7922327331976471, "noise_1_lcml_var": 0.6582517147841827, "noise_1_lcmn_var": 0.7707053122065893}