{"cell_id": 473020156, "noise_1_base_var": 0.6346913666365869, "noise_1_ll_var": 0.5262493839621979, "noise_1_ln_var": 0.42795704910067317, "noise_1_cl_var": 0.28170145184799683, "noise_1_cn_var": 0.15243638096720888, "noise_1_ml_var": 0.29024850667047897, "noise_1_mn_var": 0.45826605669314, "noise_1_lcl_var": 0.489211834478528, "noise_1_lcn_var": 0.5603895512417634, "noise_1_lml_var": 0.4500476230798875, "noise_1_lmn_var": 0.5341265744710179, "noise_1_cml_var": 0.2367427563699463, "noise_1_cmn_var": 0.43104576567148656, "noise_1_lcml_var": 0.4242348840235082, "noise_1_lcmn_var": 0.5722653604868354}