{"cell_id": 473564515, "noise_1_base_var": 0.959772483166942, "noise_1_ll_var": 0.7491987808598826, "noise_1_ln_var": 0.8373089456532308, "noise_1_cl_var": 0.2503323290682274, "noise_1_cn_var": 0.4826126076571486, "noise_1_ml_var": 0.6510965515215038, "noise_1_mn_var": 0.8750254364220181, "noise_1_lcl_var": 0.2518213491172499, "noise_1_lcn_var": 0.8540293669316056, "noise_1_lml_var": 0.5258234983894461, "noise_1_lmn_var": 0.9247192324000083, "noise_1_cml_var": 0.16429529252182257, "noise_1_cmn_var": 0.7350585109722012, "noise_1_lcml_var": 0.42709470243613923, "noise_1_lcmn_var": 0.8985324577584578}