{"cell_id": 473943881, "noise_1_base_var": 0.8744019837993252, "noise_1_ll_var": 0.7142851335895211, "noise_1_ln_var": 0.7255097608994577, "noise_1_cl_var": 0.6864008119692968, "noise_1_cn_var": 0.7929260637176374, "noise_1_ml_var": 0.6169329619208216, "noise_1_mn_var": 0.7327117048273419, "noise_1_lcl_var": 0.7496463574259241, "noise_1_lcn_var": 0.7519784635007778, "noise_1_lml_var": 0.6806548357457355, "noise_1_lmn_var": 0.7268809369630461, "noise_1_cml_var": 0.8217687071992035, "noise_1_cmn_var": 0.7493595244072966, "noise_1_lcml_var": 0.8323518644542208, "noise_1_lcmn_var": 0.8467507211048925}