{"cell_id": 474626527, "noise_1_base_var": 0.8119191639442798, "noise_1_ll_var": 0.0, "noise_1_ln_var": 0.0, "noise_1_cl_var": 0.06769373692677957, "noise_1_cn_var": 0.0, "noise_1_ml_var": 0.0, "noise_1_mn_var": 0.0, "noise_1_lcl_var": 0.0, "noise_1_lcn_var": 0.0, "noise_1_lml_var": 0.0, "noise_1_lmn_var": 0.0, "noise_1_cml_var": 0.15434775087749072, "noise_1_cmn_var": 0.08842489677658959, "noise_1_lcml_var": 0.10073040651816187, "noise_1_lcmn_var": 0.0}