{"cell_id": 475057898, "noise_1_base_var": 0.8255926338319526, "noise_1_ll_var": 0.8643372099152264, "noise_1_ln_var": 0.8239401894150864, "noise_1_cl_var": 0.2033112479122001, "noise_1_cn_var": 0.10066919443986727, "noise_1_ml_var": 0.7214282422942033, "noise_1_mn_var": 0.24496198878468267, "noise_1_lcl_var": 0.010157751325696383, "noise_1_lcn_var": 0.00961124198971289, "noise_1_lml_var": 0.8595192320191346, "noise_1_lmn_var": 0.21546220625174325, "noise_1_cml_var": 0.7656054161463758, "noise_1_cmn_var": 0.29668368621887775, "noise_1_lcml_var": 0.8259225158658813, "noise_1_lcmn_var": 0.03724142907112931}