{"cell_id": 475549284, "noise_1_ll_var": 0.7016735079379695, "noise_1_ln_var": 0.6774817880194502, "noise_1_cl_var": 0.7867872916778004, "noise_1_cn_var": 0.44353687397856206, "noise_1_ml_var": 0.30101210431564573, "noise_1_mn_var": 0.4689967740490649, "noise_1_lcl_var": 0.1621511679284761, "noise_1_lcn_var": 0.02320812847403287, "noise_1_lml_var": 0.5965000516038432, "noise_1_lmn_var": 0.36376422342394343, "noise_1_cml_var": 0.6384348523487148, "noise_1_cmn_var": 0.4789061720597848, "noise_1_lcml_var": 0.5002183786622029, "noise_1_lcmn_var": 0.06429392212523964}