{"cell_id": 475585413, "noise_1_base_var": 0.9052000653092238, "noise_1_ll_var": 0.19194172449971225, "noise_1_ln_var": 0.2832271279718727, "noise_1_cl_var": 0.6224916914730403, "noise_1_cn_var": 0.3336418491995365, "noise_1_ml_var": 0.43589011148219375, "noise_1_mn_var": 0.510008751355069, "noise_1_lcl_var": 0.28420065587319515, "noise_1_lcn_var": 0.6247690164861448, "noise_1_lml_var": 0.33593954524930214, "noise_1_lmn_var": 0.6835439356090317, "noise_1_cml_var": 0.6235444946368002, "noise_1_cmn_var": 0.7424064146810043, "noise_1_lcml_var": 0.41538791923352814, "noise_1_lcmn_var": 0.7168812014633564}