{"cell_id": 475623964, "noise_1_ll_var": 0.23348923045893835, "noise_1_ln_var": 0.10982270576376085, "noise_1_cl_var": 0.20182761839461494, "noise_1_cn_var": 0.1709529861091209, "noise_1_ml_var": 0.210795466664841, "noise_1_mn_var": 0.12020289518057921, "noise_1_lcl_var": 0.1986440836796285, "noise_1_lcn_var": 0.0006711192786998329, "noise_1_lml_var": 0.2814202463111932, "noise_1_lmn_var": 0.10061221018672482, "noise_1_cml_var": 0.20620271405490267, "noise_1_cmn_var": 0.1501627200485557, "noise_1_lcml_var": 0.26261845537808814, "noise_1_lcmn_var": 0.09146814927950161}