{"cell_id": 476086391, "noise_1_ll_var": 0.6822326357250661, "noise_1_ln_var": 0.7364210757548593, "noise_1_cl_var": 0.6315797112289522, "noise_1_cn_var": 0.6770391792297002, "noise_1_ml_var": 0.5983962951843418, "noise_1_mn_var": 0.6190663895260504, "noise_1_lcl_var": 0.6691440556421641, "noise_1_lcn_var": 0.7228741451953601, "noise_1_lml_var": 0.6229813614463976, "noise_1_lmn_var": 0.6777924091755582, "noise_1_cml_var": 0.589630598083959, "noise_1_cmn_var": 0.6609965622736105, "noise_1_lcml_var": 0.6756588795859294, "noise_1_lcmn_var": 0.6587744695244808}