{"cell_id": 476048909, "noise_1_base_var": 0.61669950543169, "noise_1_ll_var": 0.3864769550000994, "noise_1_ln_var": 0.35446853361529224, "noise_1_cl_var": 0.3785261321074968, "noise_1_cn_var": 0.42451090091975674, "noise_1_ml_var": 0.29535595846172175, "noise_1_mn_var": 0.47387565623903816, "noise_1_lcl_var": 0.3931279203974206, "noise_1_lcn_var": 0.3304114227020815, "noise_1_lml_var": 0.48233302828958985, "noise_1_lmn_var": 0.39954070828301336, "noise_1_cml_var": 0.5333834594444821, "noise_1_cmn_var": 0.44054152954471465, "noise_1_lcml_var": 0.45500928606916813, "noise_1_lcmn_var": 0.354303569647074}