{"cell_id": 476135066, "noise_1_ll_var": 0.4826892827749884, "noise_1_ln_var": 0.6344437560568319, "noise_1_cl_var": 0.48812672805261387, "noise_1_cn_var": 0.4881763696207161, "noise_1_ml_var": 0.5370439573094216, "noise_1_mn_var": 0.664797773786285, "noise_1_lcl_var": 0.6098552298505221, "noise_1_lcn_var": 0.6517873047845921, "noise_1_lml_var": 0.44576742051880364, "noise_1_lmn_var": 0.5904928375721282, "noise_1_cml_var": 0.6106136587032639, "noise_1_cmn_var": 0.6392167790184571, "noise_1_lcml_var": 0.4513298713521144, "noise_1_lcmn_var": 0.6946637891566187}