{"cell_id": 476218657, "noise_1_base_var": 0.7103860316719328, "noise_1_ll_var": 0.4403356959708533, "noise_1_ln_var": 0.5248194677220402, "noise_1_cl_var": 0.49775092710463725, "noise_1_cn_var": 0.45131165949051977, "noise_1_ml_var": 0.5057377981777206, "noise_1_mn_var": 0.52166104369152, "noise_1_lcl_var": 0.4777141432484082, "noise_1_lcn_var": 0.5118406436255437, "noise_1_lml_var": 0.500665859835416, "noise_1_lmn_var": 0.5752391553935561, "noise_1_cml_var": 0.5238325517904253, "noise_1_cmn_var": 0.5332223544129667, "noise_1_lcml_var": 0.4656126439268654, "noise_1_lcmn_var": 0.5621623839583205}