{"cell_id": 476263004, "noise_1_base_var": 0.8480448264239988, "noise_1_ll_var": 0.6128705208504586, "noise_1_ln_var": 0.6223955377705578, "noise_1_cl_var": 0.5852211005962034, "noise_1_cn_var": 0.7588313341712248, "noise_1_ml_var": 0.6883333482690814, "noise_1_mn_var": 0.7688099452904639, "noise_1_lcl_var": 0.5193573501438039, "noise_1_lcn_var": 0.6911793571578642, "noise_1_lml_var": 0.5783406579798819, "noise_1_lmn_var": 0.7081057663279897, "noise_1_cml_var": 0.6974071932626572, "noise_1_cmn_var": 0.7462761724352737, "noise_1_lcml_var": 0.5981438024148444, "noise_1_lcmn_var": 0.7388439166282511}