{"cell_id": 476216637, "noise_1_ll_var": 0.4890980811497514, "noise_1_ln_var": 0.4284671925260728, "noise_1_cl_var": 0.47954009442026296, "noise_1_cn_var": 0.5934049612238805, "noise_1_ml_var": 0.49028536501245246, "noise_1_mn_var": 0.6480392629238741, "noise_1_lcl_var": 0.5341757183657347, "noise_1_lcn_var": 0.4622414774778139, "noise_1_lml_var": 0.5749363460495994, "noise_1_lmn_var": 0.4699127784900504, "noise_1_cml_var": 0.399692357290178, "noise_1_cmn_var": 0.6145094905803618, "noise_1_lcml_var": 0.3638165388071043, "noise_1_lcmn_var": 0.4798721155906235}