{"cell_id": 476451456, "noise_1_base_var": 0.6925076543552156, "noise_1_ll_var": 0.18289006539297967, "noise_1_ln_var": 0.19462291525603947, "noise_1_cl_var": 0.18921592195796588, "noise_1_cn_var": 0.33385999071283995, "noise_1_ml_var": 0.28961189555727435, "noise_1_mn_var": 0.05884027817024293, "noise_1_lcl_var": 0.1626198558079339, "noise_1_lcn_var": 0.05658160347610972, "noise_1_lml_var": 0.13368855318526354, "noise_1_lmn_var": 0.3291201606369235, "noise_1_cml_var": 0.056151476729033645, "noise_1_cmn_var": 0.21562944925353, "noise_1_lcml_var": 0.0, "noise_1_lcmn_var": 0.5185104296284715}