{"cell_id": 476457450, "noise_1_base_var": 0.4864757949462609, "noise_1_ll_var": 0.26544554996680125, "noise_1_ln_var": 0.33346487413693987, "noise_1_cl_var": 0.0912245899648292, "noise_1_cn_var": 0.16911873281218193, "noise_1_ml_var": 0.2571788580799079, "noise_1_mn_var": 0.3897474031421592, "noise_1_lcl_var": 0.29321852854947456, "noise_1_lcn_var": 0.4405053688493954, "noise_1_lml_var": 0.2544927044362692, "noise_1_lmn_var": 0.341075925328115, "noise_1_cml_var": 0.09439584780780372, "noise_1_cmn_var": 0.19534003897885668, "noise_1_lcml_var": 0.2554076077933403, "noise_1_lcmn_var": 0.3857873390987027}