{"cell_id": 476562817, "noise_1_base_var": 0.6395822441231376, "noise_1_ll_var": 0.3497474040866014, "noise_1_ln_var": 0.6331019937694029, "noise_1_cl_var": 0.48523141126183555, "noise_1_cn_var": 0.2845207380259937, "noise_1_ml_var": 0.6337006277289969, "noise_1_mn_var": 0.6358364147650225, "noise_1_lcl_var": 0.563716641308406, "noise_1_lcn_var": 0.7526324826555277, "noise_1_lml_var": 0.3344572514045502, "noise_1_lmn_var": 0.6083623061007479, "noise_1_cml_var": 0.6370728692723495, "noise_1_cmn_var": 0.6342342312134984, "noise_1_lcml_var": 0.24097252296438817, "noise_1_lcmn_var": 0.6132119876355419}