{"cell_id": 476686112, "noise_1_base_var": 0.6576235400547771, "noise_1_ll_var": 0.0, "noise_1_ln_var": 0.0, "noise_1_cl_var": 0.26446076524875345, "noise_1_cn_var": 0.1843754172794581, "noise_1_ml_var": 0.12644443785025924, "noise_1_mn_var": 0.0, "noise_1_lcl_var": 0.0, "noise_1_lcn_var": 0.0, "noise_1_lml_var": 0.0, "noise_1_lmn_var": 0.0, "noise_1_cml_var": 0.0, "noise_1_cmn_var": 0.0, "noise_1_lcml_var": 0.0, "noise_1_lcmn_var": 0.0}