{"cell_id": 476616076, "noise_1_ll_var": 0.0, "noise_1_ln_var": 0.0, "noise_1_cl_var": 0.0, "noise_1_cn_var": 0.0, "noise_1_ml_var": 0.11915536288720972, "noise_1_mn_var": 0.09768354720797659, "noise_1_lcl_var": 0.0, "noise_1_lcn_var": 0.0, "noise_1_lml_var": 0.0, "noise_1_lmn_var": 0.08149611445862849, "noise_1_cml_var": 0.10085011300916116, "noise_1_cmn_var": 0.10280765166381696, "noise_1_lcml_var": 0.0, "noise_1_lcmn_var": 0.08301707180796487}