{"cell_id": 476823462, "noise_1_base_var": 0.6617888547711425, "noise_1_ll_var": 0.5752481362628804, "noise_1_ln_var": 0.4859673984066259, "noise_1_cl_var": 0.5228624355000036, "noise_1_cn_var": 0.47199563039597114, "noise_1_ml_var": 0.5768555478753083, "noise_1_mn_var": 0.4426707341190283, "noise_1_lcl_var": 0.5721295022051501, "noise_1_lcn_var": 0.44161786465497394, "noise_1_lml_var": 0.47648127084406044, "noise_1_lmn_var": 0.4901687427053825, "noise_1_cml_var": 0.5465379120759324, "noise_1_cmn_var": 0.4533741610553447, "noise_1_lcml_var": 0.5516112559133614, "noise_1_lcmn_var": 0.44481845183272745}