{"cell_id": 477127614, "noise_1_base_var": 0.7896394903882562, "noise_1_ll_var": 0.0, "noise_1_ln_var": 0.23348499705775153, "noise_1_cl_var": 0.0, "noise_1_cn_var": 0.0, "noise_1_ml_var": 0.0, "noise_1_mn_var": 0.24622647039437873, "noise_1_lcl_var": 0.0, "noise_1_lcn_var": 0.25804065286712125, "noise_1_lml_var": 0.2396970577818731, "noise_1_lmn_var": 0.5141379941743681, "noise_1_cml_var": 0.2350169648097934, "noise_1_cmn_var": 0.23636473793558185, "noise_1_lcml_var": 0.2067527524438334, "noise_1_lcmn_var": 0.5234113276728729}