{"cell_id": 477135941, "noise_1_base_var": 0.6467245877118185, "noise_1_ll_var": 0.22480382766343882, "noise_1_ln_var": 0.0, "noise_1_cl_var": 0.1561619473802193, "noise_1_cn_var": 0.5929014407012744, "noise_1_ml_var": 0.361549530186529, "noise_1_mn_var": 0.5779099625234541, "noise_1_lcl_var": 0.17981881323334284, "noise_1_lcn_var": 0.641308377827985, "noise_1_lml_var": 0.34224112401039725, "noise_1_lmn_var": 0.5991110768443911, "noise_1_cml_var": 0.37781850805282663, "noise_1_cmn_var": 0.5747610827955432, "noise_1_lcml_var": 0.4220935710412249, "noise_1_lcmn_var": 0.640306116294439}