{"cell_id": 477880128, "noise_1_base_var": 0.4721598194463701, "noise_1_ll_var": 0.04615766407603873, "noise_1_ln_var": 0.0, "noise_1_cl_var": 0.4475331269819674, "noise_1_cn_var": 0.05306598659705242, "noise_1_ml_var": 0.0, "noise_1_mn_var": 0.0, "noise_1_lcl_var": 0.09531505322870587, "noise_1_lcn_var": 0.4327715741176625, "noise_1_lml_var": 0.0, "noise_1_lmn_var": 0.41266028201157073, "noise_1_cml_var": 0.4196036023732939, "noise_1_cmn_var": 0.4244894914283869, "noise_1_lcml_var": 0.0, "noise_1_lcmn_var": 0.378093526256357}