{"cell_id": 478058328, "noise_1_base_var": 0.9690501587264851, "noise_1_ll_var": 0.5458071997354839, "noise_1_ln_var": 0.4234824007774313, "noise_1_cl_var": 0.2721385265006981, "noise_1_cn_var": 0.48373791167318547, "noise_1_ml_var": 0.3928267579871808, "noise_1_mn_var": 0.4966553199202973, "noise_1_lcl_var": 0.29503242583108064, "noise_1_lcn_var": 0.9695772365381561, "noise_1_lml_var": 0.3529501640178026, "noise_1_lmn_var": 0.6620970697899801, "noise_1_cml_var": 0.33182582400485167, "noise_1_cmn_var": 0.4048171189355143, "noise_1_lcml_var": 0.3462675831131501, "noise_1_lcmn_var": 0.4587093385428368}