{"cell_id": 478110866, "noise_1_base_var": 0.7618843739199596, "noise_1_ll_var": 0.21400593664709772, "noise_1_ln_var": 0.0, "noise_1_cl_var": 0.18711551817146588, "noise_1_cn_var": 0.06762942176899765, "noise_1_ml_var": 0.07788806983684589, "noise_1_mn_var": 0.0, "noise_1_lcl_var": 0.28223464819616373, "noise_1_lcn_var": 0.06932147886191735, "noise_1_lml_var": 0.15566354079817554, "noise_1_lmn_var": 0.06528098776155196, "noise_1_cml_var": 0.35231144701512335, "noise_1_cmn_var": 0.08631892078890227, "noise_1_lcml_var": 0.30019153796690895, "noise_1_lcmn_var": 0.08217693728825101}