{"cell_id": 478499902, "noise_1_base_var": 0.6440876428525159, "noise_1_ll_var": 0.4713311060972092, "noise_1_ln_var": 0.5401455529215765, "noise_1_cl_var": 0.3553151880253944, "noise_1_cn_var": 0.5530688402669223, "noise_1_ml_var": 0.34430559524691373, "noise_1_mn_var": 0.46790397409904594, "noise_1_lcl_var": 0.3963866291887873, "noise_1_lcn_var": 0.4980073257903711, "noise_1_lml_var": 0.40371431171122407, "noise_1_lmn_var": 0.5629194722700241, "noise_1_cml_var": 0.2209956191076896, "noise_1_cmn_var": 0.5333473022279168, "noise_1_lcml_var": 0.35216599229962, "noise_1_lcmn_var": 0.5590674766418309}