{"cell_id": 478497530, "noise_1_base_var": 0.4745975421848901, "noise_1_ll_var": 0.20529199887246405, "noise_1_ln_var": 0.20169164965759012, "noise_1_cl_var": 0.0, "noise_1_cn_var": 0.16242343212836158, "noise_1_ml_var": 0.2068134703109082, "noise_1_mn_var": 0.17602099075480737, "noise_1_lcl_var": 0.20763905464046828, "noise_1_lcn_var": 0.17881519131768384, "noise_1_lml_var": 0.29013856950294115, "noise_1_lmn_var": 0.3942174182894088, "noise_1_cml_var": 0.11591429508367906, "noise_1_cmn_var": 0.2334435692435497, "noise_1_lcml_var": 0.1810064950295051, "noise_1_lcmn_var": 0.391333048173626}