{"cell_id": 478586295, "noise_1_base_var": 0.8485481020886925, "noise_1_ll_var": 0.591212634516525, "noise_1_ln_var": 0.6789019029247958, "noise_1_cl_var": 0.45518747114004576, "noise_1_cn_var": 0.3914069482228913, "noise_1_ml_var": 0.5973071190611021, "noise_1_mn_var": 0.6862858292773019, "noise_1_lcl_var": 0.5318254391243542, "noise_1_lcn_var": 0.6953158460317173, "noise_1_lml_var": 0.5989085116865555, "noise_1_lmn_var": 0.6790696707839652, "noise_1_cml_var": 0.5734239109799544, "noise_1_cmn_var": 0.7057208702124994, "noise_1_lcml_var": 0.5961622564389725, "noise_1_lcmn_var": 0.669549737579361}