{"cell_id": 478888052, "noise_1_ll_var": 0.31809742477956654, "noise_1_ln_var": 0.2402851441460797, "noise_1_cl_var": 0.3461993062233209, "noise_1_cn_var": 0.10956665007147136, "noise_1_ml_var": 0.21900450307123198, "noise_1_mn_var": 0.29857358967360303, "noise_1_lcl_var": 0.4132484644954631, "noise_1_lcn_var": 0.09157420948686681, "noise_1_lml_var": 0.11166189284190138, "noise_1_lmn_var": 0.2619018843293819, "noise_1_cml_var": 0.31222402958239126, "noise_1_cmn_var": 0.2920974969060188, "noise_1_lcml_var": 0.23313085585240426, "noise_1_lcmn_var": 0.24389067326876196}