{"cell_id": 479010903, "noise_1_base_var": 0.5711513110840754, "noise_1_ll_var": 0.4622532323547024, "noise_1_ln_var": 0.5144954476102531, "noise_1_cl_var": 0.5118785603605465, "noise_1_cn_var": 0.48181698550576696, "noise_1_ml_var": 0.5020668747615772, "noise_1_mn_var": 0.4523270582807501, "noise_1_lcl_var": 0.4137057792809438, "noise_1_lcn_var": 0.5647215565260466, "noise_1_lml_var": 0.5823822348929941, "noise_1_lmn_var": 0.504806975798323, "noise_1_cml_var": 0.5562499105899189, "noise_1_cmn_var": 0.4837560185378245, "noise_1_lcml_var": 0.5321584949482681, "noise_1_lcmn_var": 0.6674316544774467}