{"cell_id": 479013100, "noise_1_ll_var": 0.26218114670568643, "noise_1_ln_var": 0.0, "noise_1_cl_var": 0.08872288049023992, "noise_1_cn_var": 0.0, "noise_1_ml_var": 0.32173431205475084, "noise_1_mn_var": 0.5962255410959091, "noise_1_lcl_var": 0.15288444654614078, "noise_1_lcn_var": 0.09097707610224497, "noise_1_lml_var": 0.35816393941488994, "noise_1_lmn_var": 0.2880842233876218, "noise_1_cml_var": 0.21937455197636074, "noise_1_cmn_var": 0.4017087210989524, "noise_1_lcml_var": 0.23351798804238394, "noise_1_lcmn_var": 0.277198154929776}