{"cell_id": 479179020, "noise_1_base_var": 0.7587079054128831, "noise_1_ll_var": 0.27892412612667244, "noise_1_ln_var": 0.5242679508497323, "noise_1_cl_var": 0.38262369805690194, "noise_1_cn_var": 0.42012714849238975, "noise_1_ml_var": 0.42850758592401533, "noise_1_mn_var": 0.3777638088941962, "noise_1_lcl_var": 0.2800968963128165, "noise_1_lcn_var": 0.5389649561791424, "noise_1_lml_var": 0.3502132700415565, "noise_1_lmn_var": 0.5192271567432406, "noise_1_cml_var": 0.256666153920435, "noise_1_cmn_var": 0.402814947708745, "noise_1_lcml_var": 0.43668467099071046, "noise_1_lcmn_var": 0.6676980480251051}