{"cell_id": 479225052, "noise_1_base_var": 0.443482880882651, "noise_1_ll_var": 0.3646119748212218, "noise_1_ln_var": 0.4442012918217788, "noise_1_cl_var": 0.3216512698266229, "noise_1_cn_var": 0.16566127905476527, "noise_1_ml_var": 0.3183307101689237, "noise_1_mn_var": 0.37968546519283963, "noise_1_lcl_var": 0.6106888693722918, "noise_1_lcn_var": 0.33683181744176754, "noise_1_lml_var": 0.4383843430519116, "noise_1_lmn_var": 0.3284170107132552, "noise_1_cml_var": 0.31327428667269047, "noise_1_cmn_var": 0.4867493312225654, "noise_1_lcml_var": 0.5184520181531203, "noise_1_lcmn_var": 0.30670100562933256}