{"cell_id": 479225080, "noise_1_base_var": 0.5249041648485632, "noise_1_ll_var": 0.13671120996827796, "noise_1_ln_var": 0.12453470262681084, "noise_1_cl_var": 0.13279087022644306, "noise_1_cn_var": 0.0, "noise_1_ml_var": 0.0, "noise_1_mn_var": 0.0, "noise_1_lcl_var": 0.12936621428265874, "noise_1_lcn_var": 0.13287268195244625, "noise_1_lml_var": 0.0, "noise_1_lmn_var": 0.23248235037493636, "noise_1_cml_var": 0.0, "noise_1_cmn_var": 0.0, "noise_1_lcml_var": 0.05994665290211929, "noise_1_lcmn_var": 0.35624556984500727}