{"cell_id": 479704527, "noise_1_base_var": 0.49204997297946484, "noise_1_ll_var": 0.48265277248284644, "noise_1_ln_var": 0.5910757096896065, "noise_1_cl_var": 0.43365456321322965, "noise_1_cn_var": 0.5289772337914049, "noise_1_ml_var": 0.33419784393645874, "noise_1_mn_var": 0.4217566496130944, "noise_1_lcl_var": 0.5064483720829075, "noise_1_lcn_var": 0.5174645679675199, "noise_1_lml_var": 0.27484428503514396, "noise_1_lmn_var": 0.5019840995731362, "noise_1_cml_var": 0.13974996749812427, "noise_1_cmn_var": 0.4656844700524622, "noise_1_lcml_var": 0.30276210644197343, "noise_1_lcmn_var": 0.6186707976839645}