{"cell_id": 479721491, "noise_1_base_var": 0.6312124602105877, "noise_1_ll_var": 0.44783455574881104, "noise_1_ln_var": 0.5338059409243544, "noise_1_cl_var": 0.30352777762613853, "noise_1_cn_var": 0.3341093888711411, "noise_1_ml_var": 0.543136950575553, "noise_1_mn_var": 0.549820395329365, "noise_1_lcl_var": 0.4506278999902027, "noise_1_lcn_var": 0.5198751463909684, "noise_1_lml_var": 0.7031109135490169, "noise_1_lmn_var": 0.5605035784878262, "noise_1_cml_var": 0.5460193335036877, "noise_1_cmn_var": 0.48521231321788505, "noise_1_lcml_var": 0.6244783407973847, "noise_1_lcmn_var": 0.6369749442413628}