{"cell_id": 479770916, "noise_1_base_var": 0.7172508956696213, "noise_1_ll_var": 0.6458417658558792, "noise_1_ln_var": 0.6475475171551471, "noise_1_cl_var": 0.7028285780321288, "noise_1_cn_var": 0.7452797868519833, "noise_1_ml_var": 0.637955047592229, "noise_1_mn_var": 0.70687156771478, "noise_1_lcl_var": 0.7087446020267935, "noise_1_lcn_var": 0.7235353898856932, "noise_1_lml_var": 0.6758973645271379, "noise_1_lmn_var": 0.6646256429656896, "noise_1_cml_var": 0.6428126779778294, "noise_1_cmn_var": 0.7457908123075884, "noise_1_lcml_var": 0.6015292414827601, "noise_1_lcmn_var": 0.7208023894734753}