{"cell_id": 479728896, "noise_1_base_var": 0.6351335421495738, "noise_1_ll_var": 0.5811791964888262, "noise_1_ln_var": 0.553262524026543, "noise_1_cl_var": 0.47266449693088736, "noise_1_cn_var": 0.575393648639324, "noise_1_ml_var": 0.4154689334806313, "noise_1_mn_var": 0.6748993790246349, "noise_1_lcl_var": 0.5825779142906768, "noise_1_lcn_var": 0.5752790050177424, "noise_1_lml_var": 0.46531065060726795, "noise_1_lmn_var": 0.6455595883312385, "noise_1_cml_var": 0.44694635162747737, "noise_1_cmn_var": 0.618404888611737, "noise_1_lcml_var": 0.5713894852336934, "noise_1_lcmn_var": 0.5917862023577158}