{"cell_id": 480003970, "noise_1_base_var": 0.7138099735077257, "noise_1_ll_var": 0.6154915487339152, "noise_1_ln_var": 0.6050739161369503, "noise_1_cl_var": 0.6718816046405391, "noise_1_cn_var": 0.6933363421531606, "noise_1_ml_var": 0.679304169568935, "noise_1_mn_var": 0.6419026041769461, "noise_1_lcl_var": 0.693609422809453, "noise_1_lcn_var": 0.6744383347169711, "noise_1_lml_var": 0.6898459081750066, "noise_1_lmn_var": 0.7528871551272236, "noise_1_cml_var": 0.6810873003983996, "noise_1_cmn_var": 0.6923683287998298, "noise_1_lcml_var": 0.702514495817547, "noise_1_lcmn_var": 0.7402053276016507}