{"cell_id": 480169178, "noise_1_base_var": 0.698466234469036, "noise_1_ll_var": 0.41297258063354914, "noise_1_ln_var": 0.6670176077536025, "noise_1_cl_var": 0.44877158730526306, "noise_1_cn_var": 0.6906314107032904, "noise_1_ml_var": 0.4288995003824354, "noise_1_mn_var": 0.5121414025563806, "noise_1_lcl_var": 0.5254777981586408, "noise_1_lcn_var": 0.6731149400877926, "noise_1_lml_var": 0.3165849922228076, "noise_1_lmn_var": 0.6026136662532104, "noise_1_cml_var": 0.38442667550754706, "noise_1_cmn_var": 0.4398944757902203, "noise_1_lcml_var": 0.4150042061124455, "noise_1_lcmn_var": 0.6896664067604589}