{"cell_id": 480122859, "noise_1_base_var": 0.3295662135860325, "noise_1_ll_var": 0.0, "noise_1_ln_var": 0.0, "noise_1_cl_var": 0.0, "noise_1_cn_var": 0.0, "noise_1_ml_var": 0.1468235873708119, "noise_1_mn_var": 0.08014827238516127, "noise_1_lcl_var": 0.0, "noise_1_lcn_var": 0.0, "noise_1_lml_var": 0.0, "noise_1_lmn_var": 0.11569057865746364, "noise_1_cml_var": 0.27705027938411464, "noise_1_cmn_var": 0.1394023221350741, "noise_1_lcml_var": 0.02740187977722171, "noise_1_lcmn_var": 0.12389487559945918}