{"cell_id": 480124551, "noise_1_base_var": 0.8628164422806455, "noise_1_ll_var": 0.6080514948710628, "noise_1_ln_var": 0.7157832586026643, "noise_1_cl_var": 0.6344788253488279, "noise_1_cn_var": 0.6550512102434105, "noise_1_ml_var": 0.5929875015359198, "noise_1_mn_var": 0.6054280222739684, "noise_1_lcl_var": 0.6857422045629679, "noise_1_lcn_var": 0.6335629338510231, "noise_1_lml_var": 0.6208461789334536, "noise_1_lmn_var": 0.782201115256217, "noise_1_cml_var": 0.5812611742337749, "noise_1_cmn_var": 0.6287843114436139, "noise_1_lcml_var": 0.5725354847350765, "noise_1_lcmn_var": 0.7337667963331075}