{"cell_id": 480353286, "noise_1_base_var": 0.582608551337401, "noise_1_ll_var": 0.6237861278843755, "noise_1_ln_var": 0.5823332920304133, "noise_1_cl_var": 0.42063731100548035, "noise_1_cn_var": 0.3526208764733537, "noise_1_ml_var": 0.44583519751055545, "noise_1_mn_var": 0.6284251254706443, "noise_1_lcl_var": 0.6067204361142725, "noise_1_lcn_var": 0.5615768754138515, "noise_1_lml_var": 0.41699793846115163, "noise_1_lmn_var": 0.5685308156674961, "noise_1_cml_var": 0.4774892275927119, "noise_1_cmn_var": 0.6138336120656416, "noise_1_lcml_var": 0.5186266637011461, "noise_1_lcmn_var": 0.5602426684674161}