{"cell_id": 480351780, "noise_1_base_var": 0.5377644408198199, "noise_1_ll_var": 0.07411658190788324, "noise_1_ln_var": 0.0, "noise_1_cl_var": 0.11046024300658089, "noise_1_cn_var": 0.0, "noise_1_ml_var": 0.10165798719857015, "noise_1_mn_var": 0.0, "noise_1_lcl_var": 0.0, "noise_1_lcn_var": 0.0, "noise_1_lml_var": 0.09146806128092894, "noise_1_lmn_var": 0.0, "noise_1_cml_var": 0.12596562505087044, "noise_1_cmn_var": 0.0, "noise_1_lcml_var": 0.11045982582893416, "noise_1_lcmn_var": 0.0}