{"cell_id": 481093525, "noise_1_base_var": 0.9790673148561806, "noise_1_ll_var": 0.926629423329944, "noise_1_ln_var": 0.27885343267821316, "noise_1_cl_var": 0.8661848939811839, "noise_1_cn_var": 0.869420137566633, "noise_1_ml_var": 0.9111435671994756, "noise_1_mn_var": 0.745706724723244, "noise_1_lcl_var": 0.3261114195662096, "noise_1_lcn_var": 0.4658222048685318, "noise_1_lml_var": 0.8811439253396873, "noise_1_lmn_var": 0.5917796566062925, "noise_1_cml_var": 0.6906426608438112, "noise_1_cmn_var": 0.7755938282778596, "noise_1_lcml_var": 0.36098957430093015, "noise_1_lcmn_var": 0.762604306954004}