{"cell_id": 481136138, "noise_1_ll_var": 0.7254371802332293, "noise_1_ln_var": 0.734870314876227, "noise_1_cl_var": 0.7396945028852228, "noise_1_cn_var": 0.911602078473443, "noise_1_ml_var": 0.8854631380253554, "noise_1_mn_var": 0.4342961142451893, "noise_1_lcl_var": 0.745389364113315, "noise_1_lcn_var": 0.5985624179725659, "noise_1_lml_var": 0.8624122439824821, "noise_1_lmn_var": 0.5878644358929983, "noise_1_cml_var": 0.46153184562505667, "noise_1_cmn_var": 0.43013622897312764, "noise_1_lcml_var": 0.3513112092402336, "noise_1_lcmn_var": 0.6516304820324385}