{"cell_id": 483020137, "noise_1_base_var": 0.8259783950988118, "noise_1_ll_var": 0.43805199497627817, "noise_1_ln_var": 0.7056696719126052, "noise_1_cl_var": 0.5179303611508161, "noise_1_cn_var": 0.6009147401575429, "noise_1_ml_var": 0.7336871992915468, "noise_1_mn_var": 0.6115733538414121, "noise_1_lcl_var": 0.43680967330212994, "noise_1_lcn_var": 0.6389806901303988, "noise_1_lml_var": 0.6111671952649583, "noise_1_lmn_var": 0.6762503760641545, "noise_1_cml_var": 0.6377985476272986, "noise_1_cmn_var": 0.668741033301505, "noise_1_lcml_var": 0.6677031854136195, "noise_1_lcmn_var": 0.6622036744570382}