{"cell_id": 483101699, "noise_1_base_var": 0.6250830708454943, "noise_1_ll_var": 0.5048479263653056, "noise_1_ln_var": 0.4985424103495089, "noise_1_cl_var": 0.4675680309158521, "noise_1_cn_var": 0.7076425686748875, "noise_1_ml_var": 0.575509037552922, "noise_1_mn_var": 0.5872792074946942, "noise_1_lcl_var": 0.3740165174987091, "noise_1_lcn_var": 0.5331602780718655, "noise_1_lml_var": 0.4621885244181378, "noise_1_lmn_var": 0.561718848446058, "noise_1_cml_var": 0.5238737892342106, "noise_1_cmn_var": 0.5684994269836252, "noise_1_lcml_var": 0.4023369905305727, "noise_1_lcmn_var": 0.5475862974150264}