{"cell_id": 484564503, "noise_1_ll_var": 0.58380060454506, "noise_1_ln_var": 0.4730059183276575, "noise_1_cl_var": 0.584765578061388, "noise_1_cn_var": 0.5325876653633994, "noise_1_ml_var": 0.5992883966267846, "noise_1_mn_var": 0.5184933334869622, "noise_1_lcl_var": 0.6181859342958391, "noise_1_lcn_var": 0.4710290736836294, "noise_1_lml_var": 0.5988211673501436, "noise_1_lmn_var": 0.476027234533582, "noise_1_cml_var": 0.6234666808775671, "noise_1_cmn_var": 0.4441337630341634, "noise_1_lcml_var": 0.5989917307375755, "noise_1_lcmn_var": 0.40970414622392776}