{"cell_id": 484679812, "noise_1_base_var": 0.6831800975832474, "noise_1_ll_var": 0.1697326331862071, "noise_1_ln_var": 0.10131367518753427, "noise_1_cl_var": 0.10374119295423273, "noise_1_cn_var": 0.0, "noise_1_ml_var": 0.2635757384744185, "noise_1_mn_var": 0.3197486487325122, "noise_1_lcl_var": 0.14308385543930327, "noise_1_lcn_var": 0.10359780575477148, "noise_1_lml_var": 0.20040837801612804, "noise_1_lmn_var": 0.3177057180874798, "noise_1_cml_var": 0.28549997124906357, "noise_1_cmn_var": 0.3272581458130823, "noise_1_lcml_var": 0.2769953245436754, "noise_1_lcmn_var": 0.35873334211188423}