{"cell_id": 485184849, "noise_1_base_var": 0.9659521371980306, "noise_1_ll_var": 0.4359686819203194, "noise_1_ln_var": 0.8321495693722994, "noise_1_cl_var": 0.5737186792503474, "noise_1_cn_var": 0.8074436209274306, "noise_1_ml_var": 0.5075172436978503, "noise_1_mn_var": 0.7820238289427572, "noise_1_lcl_var": 0.4469929516684874, "noise_1_lcn_var": 0.6341851644873554, "noise_1_lml_var": 0.43897271426645673, "noise_1_lmn_var": 0.7527383051763482, "noise_1_cml_var": 0.5430927514415936, "noise_1_cmn_var": 0.8839266724418122, "noise_1_lcml_var": 0.44518307613877434, "noise_1_lcmn_var": 0.6716877664460027}