{"cell_id": 485161419, "noise_1_ll_var": 0.17358900293594318, "noise_1_ln_var": 0.09562030070797717, "noise_1_cl_var": 0.0, "noise_1_cn_var": 0.0, "noise_1_ml_var": 0.0, "noise_1_mn_var": 0.0, "noise_1_lcl_var": 0.10565607129041804, "noise_1_lcn_var": 0.10960180459338631, "noise_1_lml_var": 0.10056386364393634, "noise_1_lmn_var": 0.0, "noise_1_cml_var": 0.0, "noise_1_cmn_var": 0.0, "noise_1_lcml_var": 0.0, "noise_1_lcmn_var": 0.0}