{"cell_id": 485574721, "noise_1_base_var": 0.4961234157093993, "noise_1_ll_var": 0.4007731640635597, "noise_1_ln_var": 0.38776449379149536, "noise_1_cl_var": 0.6119020935597093, "noise_1_cn_var": 0.5926709934901343, "noise_1_ml_var": 0.2559734797789301, "noise_1_mn_var": 0.34360861384083674, "noise_1_lcl_var": 0.4149463505098986, "noise_1_lcn_var": 0.4271540267129232, "noise_1_lml_var": 0.312735752131352, "noise_1_lmn_var": 0.3393815744874927, "noise_1_cml_var": 0.5389441780166029, "noise_1_cmn_var": 0.307428827019611, "noise_1_lcml_var": 0.35477843057903874, "noise_1_lcmn_var": 0.3305590860711787}