{"cell_id": 485574832, "noise_1_base_var": 0.8087572293697898, "noise_1_ll_var": 0.7087500605500868, "noise_1_ln_var": 0.7179707846364171, "noise_1_cl_var": 0.7097477270026469, "noise_1_cn_var": 0.7423543151272219, "noise_1_ml_var": 0.6333633789336502, "noise_1_mn_var": 0.7770727225724152, "noise_1_lcl_var": 0.6883553328736637, "noise_1_lcn_var": 0.73246865158303, "noise_1_lml_var": 0.7028269021978558, "noise_1_lmn_var": 0.7651805175444637, "noise_1_cml_var": 0.6971319774000252, "noise_1_cmn_var": 0.7708667460689924, "noise_1_lcml_var": 0.6930804974055151, "noise_1_lcmn_var": 0.7831701669281972}