{"cell_id": 485837504, "noise_1_base_var": 0.4112878218219598, "noise_1_ll_var": 0.3951475665551289, "noise_1_ln_var": 0.22446008684817328, "noise_1_cl_var": 0.0, "noise_1_cn_var": 0.0, "noise_1_ml_var": 0.3840103844309077, "noise_1_mn_var": 0.39622369955893333, "noise_1_lcl_var": 0.12746864517284173, "noise_1_lcn_var": 0.386842143010602, "noise_1_lml_var": 0.3779229923050717, "noise_1_lmn_var": 0.3619570974283807, "noise_1_cml_var": 0.3794856285741743, "noise_1_cmn_var": 0.39607310145316893, "noise_1_lcml_var": 0.1387971759508385, "noise_1_lcmn_var": 0.24003801805700814}