{"cell_id": 485835016, "noise_1_base_var": 0.6263861926970213, "noise_1_ll_var": 0.5387900721918758, "noise_1_ln_var": 0.5514173155704966, "noise_1_cl_var": 0.5422122970808927, "noise_1_cn_var": 0.6334382756900985, "noise_1_ml_var": 0.38084340145092255, "noise_1_mn_var": 0.5794082534701707, "noise_1_lcl_var": 0.5379762356571165, "noise_1_lcn_var": 0.5382496230265237, "noise_1_lml_var": 0.3860944816146398, "noise_1_lmn_var": 0.5900809105178136, "noise_1_cml_var": 0.5488180774896521, "noise_1_cmn_var": 0.5980128996846462, "noise_1_lcml_var": 0.5407509712727977, "noise_1_lcmn_var": 0.5875179066575443}