{"cell_id": 485880739, "noise_1_base_var": 0.48741086592462823, "noise_1_ll_var": 0.532306354775095, "noise_1_ln_var": 0.6125974541472075, "noise_1_cl_var": 0.512249730132677, "noise_1_cn_var": 0.6580659651881448, "noise_1_ml_var": 0.5594326145837197, "noise_1_mn_var": 0.5405842255380929, "noise_1_lcl_var": 0.5997687147225442, "noise_1_lcn_var": 0.5162292075366476, "noise_1_lml_var": 0.5156717888276654, "noise_1_lmn_var": 0.5738384877260491, "noise_1_cml_var": 0.45399615544181404, "noise_1_cmn_var": 0.5550396901711014, "noise_1_lcml_var": 0.522607994270922, "noise_1_lcmn_var": 0.5069193035578424}