{"cell_id": 485838981, "noise_1_base_var": 0.7385091625500358, "noise_1_ll_var": 0.7507859575111646, "noise_1_ln_var": 0.7667675826505971, "noise_1_cl_var": 0.7383831499340747, "noise_1_cn_var": 0.7774820691503497, "noise_1_ml_var": 0.6840272173391486, "noise_1_mn_var": 0.7598865776934907, "noise_1_lcl_var": 0.7525623653766109, "noise_1_lcn_var": 0.756011088337465, "noise_1_lml_var": 0.7389293282731609, "noise_1_lmn_var": 0.753387404529724, "noise_1_cml_var": 0.7427803799777701, "noise_1_cmn_var": 0.775328045886928, "noise_1_lcml_var": 0.737933074627641, "noise_1_lcmn_var": 0.7571583911218112}