{"cell_id": 485835055, "noise_1_ll_var": 0.7831338169211087, "noise_1_ln_var": 0.7688528800346506, "noise_1_cl_var": 0.7486428506156805, "noise_1_cn_var": 0.7605012074492895, "noise_1_ml_var": 0.2597307948335421, "noise_1_mn_var": 0.7981958916154136, "noise_1_lcl_var": 0.7808988080161074, "noise_1_lcn_var": 0.7408693451563283, "noise_1_lml_var": 0.7181226895684333, "noise_1_lmn_var": 0.7942638565967363, "noise_1_cml_var": 0.8024512752070627, "noise_1_cmn_var": 0.7922094827982931, "noise_1_lcml_var": 0.7469625090136052, "noise_1_lcmn_var": 0.7766903846453644}