{"cell_id": 485836906, "noise_1_base_var": 0.768671119424434, "noise_1_ll_var": 0.6185462759327769, "noise_1_ln_var": 0.5315480717817417, "noise_1_cl_var": 0.5790296392138161, "noise_1_cn_var": 0.5704615441748052, "noise_1_ml_var": 0.6115992145423864, "noise_1_mn_var": 0.555701159114916, "noise_1_lcl_var": 0.5931252230394835, "noise_1_lcn_var": 0.4969118696264154, "noise_1_lml_var": 0.6204631383846297, "noise_1_lmn_var": 0.5903707051651507, "noise_1_cml_var": 0.5752088485224396, "noise_1_cmn_var": 0.5340568102604296, "noise_1_lcml_var": 0.6227082958321933, "noise_1_lcmn_var": 0.5465605683605711}