{"cell_id": 485911892, "noise_1_base_var": 0.5889201024661499, "noise_1_ll_var": 0.6432349703857171, "noise_1_ln_var": 0.4714549569363939, "noise_1_cl_var": 0.4355581306930168, "noise_1_cn_var": 0.5651717125256315, "noise_1_ml_var": 0.5096173302952582, "noise_1_mn_var": 0.6961601042729282, "noise_1_lcl_var": 0.49170854526293656, "noise_1_lcn_var": 0.6571350993168155, "noise_1_lml_var": 0.6084011425818053, "noise_1_lmn_var": 0.5084344200339665, "noise_1_cml_var": 0.6440342381485642, "noise_1_cmn_var": 0.6318631071805076, "noise_1_lcml_var": 0.6429167321010442, "noise_1_lcmn_var": 0.5425241276499841}