{"cell_id": 485931158, "noise_1_base_var": 0.7533829675279246, "noise_1_ll_var": 0.5440165953048642, "noise_1_ln_var": 0.6019791548219844, "noise_1_cl_var": 0.6108200655430168, "noise_1_cn_var": 0.6287198918169677, "noise_1_ml_var": 0.6238013927246119, "noise_1_mn_var": 0.4569015024909188, "noise_1_lcl_var": 0.5562695977952925, "noise_1_lcn_var": 0.5957735637262089, "noise_1_lml_var": 0.5511417944325623, "noise_1_lmn_var": 0.5583501818946538, "noise_1_cml_var": 0.604895700577638, "noise_1_cmn_var": 0.5267442197643623, "noise_1_lcml_var": 0.5236232342657101, "noise_1_lcmn_var": 0.5567058268124337}