{"cell_id": 485912047, "noise_1_base_var": 0.5212798566360007, "noise_1_ll_var": 0.377677706103269, "noise_1_ln_var": 0.3308209933528018, "noise_1_cl_var": 0.38830837694724984, "noise_1_cn_var": 0.42182147870993997, "noise_1_ml_var": 0.4055443288192019, "noise_1_mn_var": 0.6285134022555646, "noise_1_lcl_var": 0.46734596569273057, "noise_1_lcn_var": 0.6099558748451326, "noise_1_lml_var": 0.5090207558286981, "noise_1_lmn_var": 0.5708323518555113, "noise_1_cml_var": 0.45541194015307723, "noise_1_cmn_var": 0.535209943469124, "noise_1_lcml_var": 0.4861494199639265, "noise_1_lcmn_var": 0.5898910462762181}