{"cell_id": 486025194, "noise_1_ll_var": 0.5317921053815384, "noise_1_ln_var": 0.38471185523161433, "noise_1_cl_var": 0.3217266750695181, "noise_1_cn_var": 0.37104095283345834, "noise_1_ml_var": 0.4307115763738784, "noise_1_mn_var": 0.4528956376922355, "noise_1_lcl_var": 0.37462935504184947, "noise_1_lcn_var": 0.4587025745145224, "noise_1_lml_var": 0.3865436094444356, "noise_1_lmn_var": 0.4789049036731053, "noise_1_cml_var": 0.47541533428082616, "noise_1_cmn_var": 0.41042225915804226, "noise_1_lcml_var": 0.32194469307677287, "noise_1_lcmn_var": 0.4502171371945911}