{"cell_id": 486052980, "noise_1_base_var": 0.6858155928983634, "noise_1_ll_var": 0.6402919765481189, "noise_1_ln_var": 0.7018274568900882, "noise_1_cl_var": 0.6925501188577208, "noise_1_cn_var": 0.7634527323366492, "noise_1_ml_var": 0.6023235159342301, "noise_1_mn_var": 0.6161160184199564, "noise_1_lcl_var": 0.5821216984184451, "noise_1_lcn_var": 0.6965064113321334, "noise_1_lml_var": 0.5745164410919261, "noise_1_lmn_var": 0.7407717426146189, "noise_1_cml_var": 0.580310566469047, "noise_1_cmn_var": 0.6127796601939951, "noise_1_lcml_var": 0.6093377940653086, "noise_1_lcmn_var": 0.7229256820132915}