{"cell_id": 486111903, "noise_1_base_var": 0.8479854094462318, "noise_1_ll_var": 0.6946703865958787, "noise_1_ln_var": 0.7143338733448922, "noise_1_cl_var": 0.6845190391209895, "noise_1_cn_var": 0.7065325470369596, "noise_1_ml_var": 0.7246214215770543, "noise_1_mn_var": 0.7056889956288258, "noise_1_lcl_var": 0.6827332211110121, "noise_1_lcn_var": 0.7094777211162243, "noise_1_lml_var": 0.6725854967418077, "noise_1_lmn_var": 0.7394097992033923, "noise_1_cml_var": 0.7004476626820256, "noise_1_cmn_var": 0.7196760982612295, "noise_1_lcml_var": 0.7078159646277006, "noise_1_lcmn_var": 0.723851609073579}