{"cell_id": 486110216, "noise_1_base_var": 0.7831978252730907, "noise_1_ll_var": 0.561560935938606, "noise_1_ln_var": 0.5387215391796585, "noise_1_cl_var": 0.31351331933724763, "noise_1_cn_var": 0.3515275478719739, "noise_1_ml_var": 0.413422564350173, "noise_1_mn_var": 0.41462862133329503, "noise_1_lcl_var": 0.5860730520038255, "noise_1_lcn_var": 0.599227254880239, "noise_1_lml_var": 0.4939614609354833, "noise_1_lmn_var": 0.5383794930255501, "noise_1_cml_var": 0.28348677258669863, "noise_1_cmn_var": 0.4004871911603675, "noise_1_lcml_var": 0.5077885336222115, "noise_1_lcmn_var": 0.5356175601220917}