{"cell_id": 486146717, "noise_1_base_var": 0.6512675576415486, "noise_1_ll_var": 0.3955134099724727, "noise_1_ln_var": 0.49320511839496517, "noise_1_cl_var": 0.34858089413543314, "noise_1_cn_var": 0.49461520226500355, "noise_1_ml_var": 0.423644799120629, "noise_1_mn_var": 0.6904804594683028, "noise_1_lcl_var": 0.3900414228522872, "noise_1_lcn_var": 0.412809694503432, "noise_1_lml_var": 0.3464768912495669, "noise_1_lmn_var": 0.4140909414854797, "noise_1_cml_var": 0.49311937303945474, "noise_1_cmn_var": 0.5953116015607037, "noise_1_lcml_var": 0.4190035497570938, "noise_1_lcmn_var": 0.41118920606562565}