{"cell_id": 486132712, "noise_1_base_var": 0.745405360284645, "noise_1_ll_var": 0.5235443173572171, "noise_1_ln_var": 0.4676189387438671, "noise_1_cl_var": 0.3542472665679873, "noise_1_cn_var": 0.6462421344034672, "noise_1_ml_var": 0.5145590424015819, "noise_1_mn_var": 0.4737831620185583, "noise_1_lcl_var": 0.5144186309622982, "noise_1_lcn_var": 0.527788639662212, "noise_1_lml_var": 0.4516373422744993, "noise_1_lmn_var": 0.5173655353380227, "noise_1_cml_var": 0.4750942555389515, "noise_1_cmn_var": 0.5226479933887817, "noise_1_lcml_var": 0.5126272573693208, "noise_1_lcmn_var": 0.5313100894567893}