{"cell_id": 486262299, "noise_1_base_var": 0.8205426595306818, "noise_1_ll_var": 0.639298380807676, "noise_1_ln_var": 0.5919386107961394, "noise_1_cl_var": 0.6206613733184222, "noise_1_cn_var": 0.6095649357139942, "noise_1_ml_var": 0.679868043524064, "noise_1_mn_var": 0.6212682359911793, "noise_1_lcl_var": 0.6424805192882015, "noise_1_lcn_var": 0.6273420490419616, "noise_1_lml_var": 0.6855514826294319, "noise_1_lmn_var": 0.6553999890621438, "noise_1_cml_var": 0.7190860127078788, "noise_1_cmn_var": 0.6393733549368583, "noise_1_lcml_var": 0.70014827690273, "noise_1_lcmn_var": 0.6648515875331716}