{"cell_id": 486239338, "noise_1_base_var": 0.7152976458621885, "noise_1_ll_var": 0.4380514598004017, "noise_1_ln_var": 0.693420439584522, "noise_1_cl_var": 0.4646249518820458, "noise_1_cn_var": 0.6173705884655472, "noise_1_ml_var": 0.5937618540519942, "noise_1_mn_var": 0.6577179016769883, "noise_1_lcl_var": 0.5080741589151173, "noise_1_lcn_var": 0.6497204905039232, "noise_1_lml_var": 0.5196098603007211, "noise_1_lmn_var": 0.6961154528471208, "noise_1_cml_var": 0.5844220098051972, "noise_1_cmn_var": 0.6389286722379528, "noise_1_lcml_var": 0.4861609680945903, "noise_1_lcmn_var": 0.6432190972603585}