{"cell_id": 486560376, "noise_1_base_var": 0.6697119557860217, "noise_1_ll_var": 0.4796688576316215, "noise_1_ln_var": 0.7394040680803384, "noise_1_cl_var": 0.5691731286450917, "noise_1_cn_var": 0.4585741938604336, "noise_1_ml_var": 0.5175004662049953, "noise_1_mn_var": 0.5926384459296535, "noise_1_lcl_var": 0.5359387683919296, "noise_1_lcn_var": 0.6803653535700814, "noise_1_lml_var": 0.5472506988257086, "noise_1_lmn_var": 0.7227516758944967, "noise_1_cml_var": 0.5595888093289683, "noise_1_cmn_var": 0.6307790178197792, "noise_1_lcml_var": 0.5483780280749118, "noise_1_lcmn_var": 0.7007568023760157}