{"cell_id": 486896849, "noise_1_ll_var": 0.2890638441123322, "noise_1_ln_var": 0.23248875399399202, "noise_1_cl_var": 0.5691148917540755, "noise_1_cn_var": 0.7923790217424501, "noise_1_ml_var": 0.2903025487756824, "noise_1_mn_var": 0.43808998025062745, "noise_1_lcl_var": 0.30062550925335135, "noise_1_lcn_var": 0.2172854818389571, "noise_1_lml_var": 0.9356204189441862, "noise_1_lmn_var": 0.32084417482394184, "noise_1_cml_var": 0.30868207904685896, "noise_1_cmn_var": 0.5054497792851397, "noise_1_lcml_var": 0.2636442633334413, "noise_1_lcmn_var": 0.9206230345571425}