{"cell_id": 486893033, "noise_1_base_var": 0.48329422493934987, "noise_1_ll_var": 0.24497191189927556, "noise_1_ln_var": 0.2213681488518072, "noise_1_cl_var": 0.1643345036553077, "noise_1_cn_var": 0.205017859885128, "noise_1_ml_var": 0.40388952148124574, "noise_1_mn_var": 0.4843133262056593, "noise_1_lcl_var": 0.2408691582278033, "noise_1_lcn_var": 0.2207266755711234, "noise_1_lml_var": 0.28384455673131864, "noise_1_lmn_var": 0.45663664706962714, "noise_1_cml_var": 0.4582072074199832, "noise_1_cmn_var": 0.4912786368811588, "noise_1_lcml_var": 0.36527214306545197, "noise_1_lcmn_var": 0.4737630662659216}