{"cell_id": 487099387, "noise_1_ll_var": 0.09384818733366193, "noise_1_ln_var": 0.16268295853472636, "noise_1_cl_var": 0.1202633500986261, "noise_1_cn_var": 0.0, "noise_1_ml_var": 0.2672743329278859, "noise_1_mn_var": 0.3614753319133741, "noise_1_lcl_var": 0.15013459722849382, "noise_1_lcn_var": 0.16615105899430208, "noise_1_lml_var": 0.3397335587481015, "noise_1_lmn_var": 0.5819664211924996, "noise_1_cml_var": 0.5241461782595492, "noise_1_cmn_var": 0.5976851587503857, "noise_1_lcml_var": 0.4901960289781776, "noise_1_lcmn_var": 0.8070465642057277}