{"cell_id": 487601493, "noise_1_base_var": 0.7025003697928733, "noise_1_ll_var": 0.3816633154835388, "noise_1_ln_var": 0.3099138569601135, "noise_1_cl_var": 0.50301384733081, "noise_1_cn_var": 0.5824184240528312, "noise_1_ml_var": 0.38337233361974593, "noise_1_mn_var": 0.4699329707094304, "noise_1_lcl_var": 0.2958832167639826, "noise_1_lcn_var": 0.589152059794565, "noise_1_lml_var": 0.41990442736741673, "noise_1_lmn_var": 0.46825322897632016, "noise_1_cml_var": 0.4238789125066873, "noise_1_cmn_var": 0.46557959936995996, "noise_1_lcml_var": 0.366995846228065, "noise_1_lcmn_var": 0.6556346620150774}