{"cell_id": 487661754, "noise_1_base_var": 0.3996620956811575, "noise_1_ll_var": 0.06710917650538617, "noise_1_ln_var": 0.023927786754080152, "noise_1_cl_var": 0.0, "noise_1_cn_var": 0.0, "noise_1_ml_var": 0.0, "noise_1_mn_var": 0.0, "noise_1_lcl_var": 0.07670194965201614, "noise_1_lcn_var": 0.0, "noise_1_lml_var": 0.0, "noise_1_lmn_var": 0.0, "noise_1_cml_var": 0.0, "noise_1_cmn_var": 0.0, "noise_1_lcml_var": 0.0, "noise_1_lcmn_var": 0.0}