{"cell_id": 488117124, "noise_1_ll_var": 0.5429378448488523, "noise_1_ln_var": 0.6526018810460229, "noise_1_cl_var": 0.60319283741469, "noise_1_cn_var": 0.5989793283356061, "noise_1_ml_var": 0.4243358103561238, "noise_1_mn_var": 0.5340731249173667, "noise_1_lcl_var": 0.5590576430090697, "noise_1_lcn_var": 0.6926012171378392, "noise_1_lml_var": 0.27470907606608785, "noise_1_lmn_var": 0.6039956147799984, "noise_1_cml_var": 0.3906156548771612, "noise_1_cmn_var": 0.5886185161028532, "noise_1_lcml_var": 0.10909802679533812, "noise_1_lcmn_var": 0.5975006432075938}