{"cell_id": 488420599, "noise_1_ll_var": 0.43312301369974315, "noise_1_ln_var": 0.5028435430341488, "noise_1_cl_var": 0.5541460256104273, "noise_1_cn_var": 0.36230060018027466, "noise_1_ml_var": 0.4776695702839861, "noise_1_mn_var": 0.5373091587717577, "noise_1_lcl_var": 0.38329030594890984, "noise_1_lcn_var": 0.41336593997787396, "noise_1_lml_var": 0.43007288081661754, "noise_1_lmn_var": 0.520992772732865, "noise_1_cml_var": 0.3893501020408855, "noise_1_cmn_var": 0.5692145804309251, "noise_1_lcml_var": 0.31693391848444274, "noise_1_lcmn_var": 0.5159116872342511}