{"cell_id": 488501071, "noise_1_base_var": 0.8852962127096423, "noise_1_ll_var": 0.5149721791527546, "noise_1_ln_var": 0.6196824557888896, "noise_1_cl_var": 0.4862014163693029, "noise_1_cn_var": 0.7105752637468069, "noise_1_ml_var": 0.5183613109026954, "noise_1_mn_var": 0.6730228019557575, "noise_1_lcl_var": 0.6873857454715563, "noise_1_lcn_var": 0.49565917504543155, "noise_1_lml_var": 0.449025297799226, "noise_1_lmn_var": 0.5870973295330045, "noise_1_cml_var": 0.5519169571623885, "noise_1_cmn_var": 0.7222028978528305, "noise_1_lcml_var": 0.6392097153593419, "noise_1_lcmn_var": 0.49430972708486015}