{"cell_id": 488687894, "noise_1_ll_var": 0.6411106631864342, "noise_1_ln_var": 0.5987365630731389, "noise_1_cl_var": 0.702134351822336, "noise_1_cn_var": 0.6973055247518745, "noise_1_ml_var": 0.6523671743434389, "noise_1_mn_var": 0.6061120406712609, "noise_1_lcl_var": 0.5906555982367345, "noise_1_lcn_var": 0.547010172599444, "noise_1_lml_var": 0.5819170753463042, "noise_1_lmn_var": 0.6981568760417661, "noise_1_cml_var": 0.6967070456944178, "noise_1_cmn_var": 0.669446826344007, "noise_1_lcml_var": 0.6318605034885696, "noise_1_lcmn_var": 0.6999630400887011}