{"cell_id": 488697163, "noise_1_base_var": 0.7136879506551931, "noise_1_ll_var": 0.33381805496394756, "noise_1_ln_var": 0.21030342081461617, "noise_1_cl_var": 0.4436241045668653, "noise_1_cn_var": 0.33334531430446923, "noise_1_ml_var": 0.4271612090810143, "noise_1_mn_var": 0.4242322262257278, "noise_1_lcl_var": 0.5222811404782772, "noise_1_lcn_var": 0.3091128387654793, "noise_1_lml_var": 0.3188742389039534, "noise_1_lmn_var": 0.34521623410168173, "noise_1_cml_var": 0.5462810443565956, "noise_1_cmn_var": 0.3737315003175589, "noise_1_lcml_var": 0.3497874661319283, "noise_1_lcmn_var": 0.3603592079009949}