{"cell_id": 488695444, "noise_1_base_var": 0.6140910931735202, "noise_1_ll_var": 0.4818302987480853, "noise_1_ln_var": 0.6951817195086587, "noise_1_cl_var": 0.5667752985575336, "noise_1_cn_var": 0.646232915080765, "noise_1_ml_var": 0.5440805613520777, "noise_1_mn_var": 0.608978696006511, "noise_1_lcl_var": 0.553263327184543, "noise_1_lcn_var": 0.6364665517489846, "noise_1_lml_var": 0.6367684122729221, "noise_1_lmn_var": 0.5968762759742898, "noise_1_cml_var": 0.5199258173949034, "noise_1_cmn_var": 0.6066740302384279, "noise_1_lcml_var": 0.6610755964842262, "noise_1_lcmn_var": 0.535059106964458}