{"cell_id": 488679042, "noise_1_base_var": 0.6946566538467218, "noise_1_ll_var": 0.6720228099435741, "noise_1_ln_var": 0.7180197942603646, "noise_1_cl_var": 0.5905065528720578, "noise_1_cn_var": 0.6501693555325686, "noise_1_ml_var": 0.0, "noise_1_mn_var": 0.6876046151205636, "noise_1_lcl_var": 0.6209506083791474, "noise_1_lcn_var": 0.7179336053398102, "noise_1_lml_var": 0.42402073266743623, "noise_1_lmn_var": 0.676171840720495, "noise_1_cml_var": 0.09622654586526226, "noise_1_cmn_var": 0.6995753163355157, "noise_1_lcml_var": 0.3600183248408847, "noise_1_lcmn_var": 0.671650173375213}