{"cell_id": 488698341, "noise_1_base_var": 0.647402921521272, "noise_1_ll_var": 0.5672012484593086, "noise_1_ln_var": 0.6140569436659794, "noise_1_cl_var": 0.5663085681178849, "noise_1_cn_var": 0.6610666857150324, "noise_1_ml_var": 0.5641060555054807, "noise_1_mn_var": 0.5647063097564115, "noise_1_lcl_var": 0.5856873906746692, "noise_1_lcn_var": 0.6383584619140878, "noise_1_lml_var": 0.6443765962244937, "noise_1_lmn_var": 0.5878785294335446, "noise_1_cml_var": 0.5749260360071772, "noise_1_cmn_var": 0.5641162829513805, "noise_1_lcml_var": 0.6265894587426272, "noise_1_lcmn_var": 0.5327346036855442}