{"cell_id": 488680211, "noise_1_ll_var": 0.5302314590493421, "noise_1_ln_var": 0.48321820269624555, "noise_1_cl_var": 0.4140497596896153, "noise_1_cn_var": 0.6392045046681174, "noise_1_ml_var": 0.7163616263273406, "noise_1_mn_var": 0.7384711094216153, "noise_1_lcl_var": 0.6555170209786508, "noise_1_lcn_var": 0.41008039173889554, "noise_1_lml_var": 0.624472065143588, "noise_1_lmn_var": 0.6919777673124822, "noise_1_cml_var": 0.6914795953663143, "noise_1_cmn_var": 0.7320802421493516, "noise_1_lcml_var": 0.6698639079350794, "noise_1_lcmn_var": 0.571941718401429}