{"cell_id": 488683425, "noise_1_base_var": 0.8876408845270121, "noise_1_ll_var": 0.7903296872791387, "noise_1_ln_var": 0.7838210745548733, "noise_1_cl_var": 0.769274283161792, "noise_1_cn_var": 0.8088695639818483, "noise_1_ml_var": 0.1049989159776214, "noise_1_mn_var": 0.7541344868847143, "noise_1_lcl_var": 0.8046941206942341, "noise_1_lcn_var": 0.8349120290073931, "noise_1_lml_var": 0.46705660626651757, "noise_1_lmn_var": 0.7567765952620421, "noise_1_cml_var": 0.6705651688731492, "noise_1_cmn_var": 0.7972284951744264, "noise_1_lcml_var": 0.8161880424270769, "noise_1_lcmn_var": 0.7952663743396747}