{"cell_id": 488677994, "noise_1_base_var": 0.9473604849400895, "noise_1_ll_var": 0.3973438408790633, "noise_1_ln_var": 0.48031484850732553, "noise_1_cl_var": 0.6123838587637089, "noise_1_cn_var": 0.08800645503841223, "noise_1_ml_var": 0.5390652449405022, "noise_1_mn_var": 0.5777941943759315, "noise_1_lcl_var": 0.6428121581574696, "noise_1_lcn_var": 0.26444022392030364, "noise_1_lml_var": 0.44128070549886955, "noise_1_lmn_var": 0.68663747272032, "noise_1_cml_var": 0.49003472271863946, "noise_1_cmn_var": 0.5308608601322079, "noise_1_lcml_var": 0.8103176793360498, "noise_1_lcmn_var": 0.4355979502329791}