{"cell_id": 488680917, "noise_1_base_var": 0.7943939073861171, "noise_1_ll_var": 0.7530578101026856, "noise_1_ln_var": 0.8129367606573024, "noise_1_cl_var": 0.6769801469419228, "noise_1_cn_var": 0.6829453751044131, "noise_1_ml_var": 0.645697824495032, "noise_1_mn_var": 0.6470151092617166, "noise_1_lcl_var": 0.7598191717095303, "noise_1_lcn_var": 0.6775470105426277, "noise_1_lml_var": 0.6631331316464854, "noise_1_lmn_var": 0.7223088522349072, "noise_1_cml_var": 0.6920423566430878, "noise_1_cmn_var": 0.6471988243781103, "noise_1_lcml_var": 0.6826210257465948, "noise_1_lcmn_var": 0.7200401026075343}