{"cell_id": 490259231, "noise_1_base_var": 0.855488523358603, "noise_1_ll_var": 0.5659865366609171, "noise_1_ln_var": 0.70351198538549, "noise_1_cl_var": 0.518345209594673, "noise_1_cn_var": 0.7036133470671542, "noise_1_ml_var": 0.5640891061494807, "noise_1_mn_var": 0.6650476389851173, "noise_1_lcl_var": 0.5503880685334958, "noise_1_lcn_var": 0.7227611074312926, "noise_1_lml_var": 0.5338232040472577, "noise_1_lmn_var": 0.6307094066354443, "noise_1_cml_var": 0.6081417206163741, "noise_1_cmn_var": 0.62922160570259, "noise_1_lcml_var": 0.5501360703813487, "noise_1_lcmn_var": 0.6625218933370088}