{"cell_id": 490205998, "noise_1_base_var": 0.762248275922817, "noise_1_ll_var": 0.5727739215258272, "noise_1_ln_var": 0.6106168270947967, "noise_1_cl_var": 0.5586548606031344, "noise_1_cn_var": 0.5973716822257185, "noise_1_ml_var": 0.5979522067918419, "noise_1_mn_var": 0.6431533948385894, "noise_1_lcl_var": 0.5356626801820072, "noise_1_lcn_var": 0.5435809137021494, "noise_1_lml_var": 0.5768842633734583, "noise_1_lmn_var": 0.6898445703354154, "noise_1_cml_var": 0.6133980689442273, "noise_1_cmn_var": 0.6723785669080685, "noise_1_lcml_var": 0.6814060826765632, "noise_1_lcmn_var": 0.7056092495402597}