{"cell_id": 490382353, "noise_1_ll_var": 0.5676424769829745, "noise_1_ln_var": 0.4059932853835346, "noise_1_cl_var": 0.6021171788541979, "noise_1_cn_var": 0.36248147227777916, "noise_1_ml_var": 0.5405111008538767, "noise_1_mn_var": 0.41386327473284157, "noise_1_lcl_var": 0.3435030368772638, "noise_1_lcn_var": 0.4775151106537246, "noise_1_lml_var": 0.272067265188634, "noise_1_lmn_var": 0.5475373220763629, "noise_1_cml_var": 0.5477982923763528, "noise_1_cmn_var": 0.34238398882006954, "noise_1_lcml_var": 0.5830093281894777, "noise_1_lcmn_var": 0.587235929839945}