{"cell_id": 490485142, "noise_1_base_var": 0.7990978274481151, "noise_1_ll_var": 0.5809133247640246, "noise_1_ln_var": 0.6105143725107378, "noise_1_cl_var": 0.6104058436579528, "noise_1_cn_var": 0.7070557717883554, "noise_1_ml_var": 0.5897476436012014, "noise_1_mn_var": 0.6590290071390039, "noise_1_lcl_var": 0.525722347259465, "noise_1_lcn_var": 0.6512183437870916, "noise_1_lml_var": 0.6055979973062959, "noise_1_lmn_var": 0.6979851630996441, "noise_1_cml_var": 0.6197327930499011, "noise_1_cmn_var": 0.7219565901047322, "noise_1_lcml_var": 0.6918578070895347, "noise_1_lcmn_var": 0.5689638993389432}