{"cell_id": 490916882, "noise_1_base_var": 0.6084428325574989, "noise_1_ll_var": 0.12807303452208432, "noise_1_ln_var": 0.07877065192178162, "noise_1_cl_var": 0.2732041857204968, "noise_1_cn_var": 0.0, "noise_1_ml_var": 0.0, "noise_1_mn_var": 0.3885100259484919, "noise_1_lcl_var": 0.09097884685275674, "noise_1_lcn_var": 0.08071150551551053, "noise_1_lml_var": 0.0, "noise_1_lmn_var": 0.40314734655431145, "noise_1_cml_var": 0.0, "noise_1_cmn_var": 0.3774890716522345, "noise_1_lcml_var": 0.0, "noise_1_lcmn_var": 0.4574791278254333}