{"cell_id": 497611660, "noise_1_base_var": 0.8368096271244229, "noise_1_ll_var": 0.7299681764785824, "noise_1_ln_var": 0.793645992324118, "noise_1_cl_var": 0.7662911444200909, "noise_1_cn_var": 0.8039513475760872, "noise_1_ml_var": 0.7174635972228743, "noise_1_mn_var": 0.7814937611244025, "noise_1_lcl_var": 0.7608322653780148, "noise_1_lcn_var": 0.7746859929112602, "noise_1_lml_var": 0.7237231686449873, "noise_1_lmn_var": 0.8257634556775508, "noise_1_cml_var": 0.7663568604690438, "noise_1_cmn_var": 0.7733261387430154, "noise_1_lcml_var": 0.738609809850067, "noise_1_lcmn_var": 0.7878413084726077}