{"cell_id": 501799874, "noise_1_ll_var": 0.5032311054536865, "noise_1_ln_var": 0.49835647032502006, "noise_1_cl_var": 0.6611590942208393, "noise_1_cn_var": 0.6599099935427435, "noise_1_ml_var": 0.5309257322633192, "noise_1_mn_var": 0.5854306943192367, "noise_1_lcl_var": 0.6697323396603125, "noise_1_lcn_var": 0.5051821017310677, "noise_1_lml_var": 0.5574233283258004, "noise_1_lmn_var": 0.5093750075206537, "noise_1_cml_var": 0.5631508970014846, "noise_1_cmn_var": 0.589031966078074, "noise_1_lcml_var": 0.6341230105153434, "noise_1_lcmn_var": 0.5103898289258588}