{"cell_id": 501841672, "noise_1_ll_var": 0.3801927711407975, "noise_1_ln_var": 0.4507858783953358, "noise_1_cl_var": 0.4704840441846966, "noise_1_cn_var": 0.575241968943838, "noise_1_ml_var": 0.6647925140202804, "noise_1_mn_var": 0.3998011068604845, "noise_1_lcl_var": 0.5427236857666339, "noise_1_lcn_var": 0.33158905665150434, "noise_1_lml_var": 0.4217026273736527, "noise_1_lmn_var": 0.3589974973696548, "noise_1_cml_var": 0.5901649901125223, "noise_1_cmn_var": 0.3862337436275733, "noise_1_lcml_var": 0.5583392406245109, "noise_1_lcmn_var": 0.3499993845618938}