{"cell_id": 501847931, "noise_1_ll_var": 0.36710614455922425, "noise_1_ln_var": 0.3188166470230804, "noise_1_cl_var": 0.3059156581135006, "noise_1_cn_var": 0.3673837551086837, "noise_1_ml_var": 0.3608524580295297, "noise_1_mn_var": 0.2703590602227165, "noise_1_lcl_var": 0.3047428347021162, "noise_1_lcn_var": 0.32587720488562766, "noise_1_lml_var": 0.36034153497055216, "noise_1_lmn_var": 0.15646796223851706, "noise_1_cml_var": 0.35915868542636303, "noise_1_cmn_var": 0.3423942698342023, "noise_1_lcml_var": 0.30455081578863363, "noise_1_lcmn_var": 0.18517671154891474}