{"cell_id": 501845630, "noise_1_ll_var": 0.2688018271280275, "noise_1_ln_var": 0.12261939434327314, "noise_1_cl_var": 0.2198469703988606, "noise_1_cn_var": 0.368548995443128, "noise_1_ml_var": 0.19966998854394022, "noise_1_mn_var": 0.10045728547216301, "noise_1_lcl_var": 0.16835191993664478, "noise_1_lcn_var": 0.12088720353880113, "noise_1_lml_var": 0.3660456688234273, "noise_1_lmn_var": 0.12034192778376002, "noise_1_cml_var": 0.08121064854075367, "noise_1_cmn_var": 0.10745802223055174, "noise_1_lcml_var": 0.11698770105523808, "noise_1_lcmn_var": 0.0874204275932395}