{"cell_id": 501956013, "noise_1_base_var": 0.40718052873460386, "noise_1_ll_var": 0.3423359965667392, "noise_1_ln_var": 0.182144314580602, "noise_1_cl_var": 0.43779931897518926, "noise_1_cn_var": 0.543286908530549, "noise_1_ml_var": 0.45189065967648767, "noise_1_mn_var": 0.5369388500462129, "noise_1_lcl_var": 0.4720242930914885, "noise_1_lcn_var": 0.13489393594162183, "noise_1_lml_var": 0.3993575974525186, "noise_1_lmn_var": 0.5587853557672476, "noise_1_cml_var": 0.5890667654581812, "noise_1_cmn_var": 0.30058946045558893, "noise_1_lcml_var": 0.34522626024330616, "noise_1_lcmn_var": 0.5511333583028647}