{"cell_id": 502267531, "noise_1_base_var": 0.5413942454242557, "noise_1_ll_var": 0.08776241035227698, "noise_1_ln_var": 0.16372303197429994, "noise_1_cl_var": 0.18701060839466285, "noise_1_cn_var": 0.15207247977173033, "noise_1_ml_var": 0.18034514479944275, "noise_1_mn_var": 0.3952361398725526, "noise_1_lcl_var": 0.07774778746812092, "noise_1_lcn_var": 0.14445114890715843, "noise_1_lml_var": 0.13945424555061955, "noise_1_lmn_var": 0.350436485906122, "noise_1_cml_var": 0.20627025055535483, "noise_1_cmn_var": 0.36109469225441737, "noise_1_lcml_var": 0.23914260697563577, "noise_1_lcmn_var": 0.39688176785153595}