{"cell_id": 502269786, "noise_1_base_var": 0.7573471714900041, "noise_1_ll_var": 0.680488469077662, "noise_1_ln_var": 0.7175245915835555, "noise_1_cl_var": 0.6452785770818242, "noise_1_cn_var": 0.6850712645094283, "noise_1_ml_var": 0.6916476290842642, "noise_1_mn_var": 0.5224897452686009, "noise_1_lcl_var": 0.6749324227063076, "noise_1_lcn_var": 0.7501703292691249, "noise_1_lml_var": 0.6819054478441126, "noise_1_lmn_var": 0.6701977702100188, "noise_1_cml_var": 0.6539559142028533, "noise_1_cmn_var": 0.596252465299246, "noise_1_lcml_var": 0.6887836451036824, "noise_1_lcmn_var": 0.6967396010789142}