{"cell_id": 502359001, "noise_1_ll_var": 0.5872002114322288, "noise_1_ln_var": 0.5403520764986086, "noise_1_cl_var": 0.43918832252332785, "noise_1_cn_var": 0.4648797284970635, "noise_1_ml_var": 0.2778097310336305, "noise_1_mn_var": 0.35598477543585044, "noise_1_lcl_var": 0.52232151727963, "noise_1_lcn_var": 0.5400880257719428, "noise_1_lml_var": 0.5275541553465725, "noise_1_lmn_var": 0.5123395745441924, "noise_1_cml_var": 0.3920489120547747, "noise_1_cmn_var": 0.40964353223610633, "noise_1_lcml_var": 0.4384229223038036, "noise_1_lcmn_var": 0.3333723116807469}