{"cell_id": 502383543, "noise_1_ll_var": 0.595048791846142, "noise_1_ln_var": 0.5286958344836801, "noise_1_cl_var": 0.5839538303633802, "noise_1_cn_var": 0.6045432594102265, "noise_1_ml_var": 0.6285340968315513, "noise_1_mn_var": 0.6759472039965017, "noise_1_lcl_var": 0.5724061560726617, "noise_1_lcn_var": 0.5237193203740287, "noise_1_lml_var": 0.6052421125201828, "noise_1_lmn_var": 0.6654133229066909, "noise_1_cml_var": 0.6187512127224254, "noise_1_cmn_var": 0.7229239126679416, "noise_1_lcml_var": 0.6077895804266107, "noise_1_lcmn_var": 0.5543415112785857}