{"cell_id": 502366405, "noise_1_base_var": 0.6410467247392525, "noise_1_ll_var": 0.601019108035081, "noise_1_ln_var": 0.574543644627999, "noise_1_cl_var": 0.5452381984323672, "noise_1_cn_var": 0.6027252947022673, "noise_1_ml_var": 0.0, "noise_1_mn_var": 0.5731860662007295, "noise_1_lcl_var": 0.5956065486016124, "noise_1_lcn_var": 0.6485518784759418, "noise_1_lml_var": 0.11300397362013968, "noise_1_lmn_var": 0.5993855022652863, "noise_1_cml_var": 0.28582815496873715, "noise_1_cmn_var": 0.7167250339926784, "noise_1_lcml_var": 0.38792498434286704, "noise_1_lcmn_var": 0.6971626221882276}