{"cell_id": 502614426, "noise_1_ll_var": 0.6129620481266179, "noise_1_ln_var": 0.7512439519458242, "noise_1_cl_var": 0.6007498869842486, "noise_1_cn_var": 0.6359670653236467, "noise_1_ml_var": 0.5123228623493996, "noise_1_mn_var": 0.6428589086149994, "noise_1_lcl_var": 0.6062801523180162, "noise_1_lcn_var": 0.6580427370889932, "noise_1_lml_var": 0.627211497481073, "noise_1_lmn_var": 0.6917034944663913, "noise_1_cml_var": 0.5915505708508113, "noise_1_cmn_var": 0.6929740137877143, "noise_1_lcml_var": 0.5563567990309529, "noise_1_lcmn_var": 0.6724398743860213}