{"cell_id": 502978383, "noise_1_base_var": 0.6886422367314818, "noise_1_ll_var": 0.6603576580289418, "noise_1_ln_var": 0.6768680282253764, "noise_1_cl_var": 0.6707858527215143, "noise_1_cn_var": 0.6257653338563428, "noise_1_ml_var": 0.6934269275343005, "noise_1_mn_var": 0.6925701551568283, "noise_1_lcl_var": 0.6890606491180892, "noise_1_lcn_var": 0.7140017978108478, "noise_1_lml_var": 0.7035895440424194, "noise_1_lmn_var": 0.7638646311298756, "noise_1_cml_var": 0.6949979330289937, "noise_1_cmn_var": 0.6811041466866299, "noise_1_lcml_var": 0.7345108431546862, "noise_1_lcmn_var": 0.6794217055715233}