{"cell_id": 503286448, "noise_1_base_var": 0.8339176960134356, "noise_1_ll_var": 0.7703516699712327, "noise_1_ln_var": 0.8375390787030151, "noise_1_cl_var": 0.7426023318597661, "noise_1_cn_var": 0.8273359814679814, "noise_1_ml_var": 0.7295648827969218, "noise_1_mn_var": 0.7692269584654745, "noise_1_lcl_var": 0.8063064168610483, "noise_1_lcn_var": 0.7763454110922036, "noise_1_lml_var": 0.7614171111183528, "noise_1_lmn_var": 0.8497738741462403, "noise_1_cml_var": 0.7369109471032546, "noise_1_cmn_var": 0.7329287197965401, "noise_1_lcml_var": 0.779839682292046, "noise_1_lcmn_var": 0.8054729394765221}