{"cell_id": 503814817, "noise_1_base_var": 0.7729463148825519, "noise_1_ll_var": 0.5187600908699492, "noise_1_ln_var": 0.7366461964769205, "noise_1_cl_var": 0.5921772749455596, "noise_1_cn_var": 0.8005849220004672, "noise_1_ml_var": 0.5798170012656277, "noise_1_mn_var": 0.7223325860270635, "noise_1_lcl_var": 0.651287035185608, "noise_1_lcn_var": 0.7124697163238021, "noise_1_lml_var": 0.5348302231637585, "noise_1_lmn_var": 0.7034653771581382, "noise_1_cml_var": 0.5863988033491939, "noise_1_cmn_var": 0.6915866083757218, "noise_1_lcml_var": 0.6549915474882056, "noise_1_lcmn_var": 0.6820377324100427}