{"cell_id": 503823047, "noise_1_ll_var": 0.5107474197863326, "noise_1_ln_var": 0.6130503875799944, "noise_1_cl_var": 0.3059596155366057, "noise_1_cn_var": 0.46788768544969167, "noise_1_ml_var": 0.3175462626599827, "noise_1_mn_var": 0.40187955762925925, "noise_1_lcl_var": 0.4612594908320168, "noise_1_lcn_var": 0.5266329984897129, "noise_1_lml_var": 0.31909718883095134, "noise_1_lmn_var": 0.46845835562824273, "noise_1_cml_var": 0.4399236643998078, "noise_1_cmn_var": 0.3817885594190198, "noise_1_lcml_var": 0.32678703523888064, "noise_1_lcmn_var": 0.5994355969532652}