{"cell_id": 506133241, "noise_1_ll_var": 0.6638447187085343, "noise_1_ln_var": 0.6561373319390039, "noise_1_cl_var": 0.6902456034153641, "noise_1_cn_var": 0.7129224149391042, "noise_1_ml_var": 0.7422097564508214, "noise_1_mn_var": 0.7469657909596542, "noise_1_lcl_var": 0.6768085787474951, "noise_1_lcn_var": 0.6677457734177173, "noise_1_lml_var": 0.7074717811458135, "noise_1_lmn_var": 0.7298395947180855, "noise_1_cml_var": 0.6957132356105069, "noise_1_cmn_var": 0.7666495221749414, "noise_1_lcml_var": 0.6631899926655377, "noise_1_lcmn_var": 0.7156998493954645}