{"cell_id": 507101551, "noise_1_ll_var": 0.0, "noise_1_ln_var": 0.0, "noise_1_cl_var": 0.0, "noise_1_cn_var": 0.0, "noise_1_ml_var": 0.3270671944336602, "noise_1_mn_var": 0.15232917340345867, "noise_1_lcl_var": 0.0, "noise_1_lcn_var": 0.0, "noise_1_lml_var": 0.18649371301792633, "noise_1_lmn_var": 0.17971409550408857, "noise_1_cml_var": 0.09608990072801273, "noise_1_cmn_var": 0.09133220929458974, "noise_1_lcml_var": 0.09605888476072426, "noise_1_lcmn_var": 0.2080810510962634}