{"cell_id": 507918877, "noise_1_base_var": 0.6016593267166803, "noise_1_ll_var": 0.33566739303776655, "noise_1_ln_var": 0.5846481297193764, "noise_1_cl_var": 0.21044742234934016, "noise_1_cn_var": 0.1916325367431187, "noise_1_ml_var": 0.39822052723341433, "noise_1_mn_var": 0.09544266587473872, "noise_1_lcl_var": 0.20764991954610149, "noise_1_lcn_var": 0.41095885248150915, "noise_1_lml_var": 0.35253573828017204, "noise_1_lmn_var": 0.2974579739479642, "noise_1_cml_var": 0.3218944453949554, "noise_1_cmn_var": 0.11168222089322367, "noise_1_lcml_var": 0.30025597056857256, "noise_1_lcmn_var": 0.20313199793128658}