{"cell_id": 508980706, "noise_1_base_var": 0.7685899175038232, "noise_1_ll_var": 0.6510537622228068, "noise_1_ln_var": 0.5860953373937875, "noise_1_cl_var": 0.7021636133422924, "noise_1_cn_var": 0.7562239671433989, "noise_1_ml_var": 0.6946737857975471, "noise_1_mn_var": 0.7054903503679227, "noise_1_lcl_var": 0.6697935833815809, "noise_1_lcn_var": 0.5893197972535795, "noise_1_lml_var": 0.7241116075601528, "noise_1_lmn_var": 0.7602953465243362, "noise_1_cml_var": 0.7167644541952768, "noise_1_cmn_var": 0.7089455173346195, "noise_1_lcml_var": 0.7280583929689082, "noise_1_lcmn_var": 0.6858250429244669}