{"cell_id": 509003464, "noise_1_base_var": 0.6493918505450219, "noise_1_ll_var": 0.3547374234831708, "noise_1_ln_var": 0.46875147528114813, "noise_1_cl_var": 0.27646761619407756, "noise_1_cn_var": 0.4137960142963988, "noise_1_ml_var": 0.5028068581622298, "noise_1_mn_var": 0.4340955451621571, "noise_1_lcl_var": 0.3951479817944696, "noise_1_lcn_var": 0.4690164788632629, "noise_1_lml_var": 0.43223720111488473, "noise_1_lmn_var": 0.5121429558143514, "noise_1_cml_var": 0.5373832073528495, "noise_1_cmn_var": 0.4561418168394404, "noise_1_lcml_var": 0.4353988610330613, "noise_1_lcmn_var": 0.48125307084360347}