{"cell_id": 509617624, "noise_1_base_var": 0.9159861742918888, "noise_1_ll_var": 0.809559889595266, "noise_1_ln_var": 0.7258709905920614, "noise_1_cl_var": 0.3005921712395097, "noise_1_cn_var": 0.709596685705363, "noise_1_ml_var": 0.3065639342426872, "noise_1_mn_var": 0.6473368014239327, "noise_1_lcl_var": 0.30679189860250833, "noise_1_lcn_var": 0.6833153029105714, "noise_1_lml_var": 0.32592120557863313, "noise_1_lmn_var": 0.5925222689443229, "noise_1_cml_var": 0.3215346122519956, "noise_1_cmn_var": 0.7183470275778088, "noise_1_lcml_var": 0.3322800078358921, "noise_1_lcmn_var": 0.7037121578356409}