{"cell_id": 509881736, "noise_1_base_var": 0.6161336542206082, "noise_1_ll_var": 0.19373054272347634, "noise_1_ln_var": 0.0, "noise_1_cl_var": 0.0, "noise_1_cn_var": 0.0, "noise_1_ml_var": 0.1698194146184361, "noise_1_mn_var": 0.22520754039776544, "noise_1_lcl_var": 0.1664554730314174, "noise_1_lcn_var": 0.19284442638608673, "noise_1_lml_var": 0.2946183844440456, "noise_1_lmn_var": 0.24488582964807498, "noise_1_cml_var": 0.1947800651420785, "noise_1_cmn_var": 0.17370428813796004, "noise_1_lcml_var": 0.21545096960264024, "noise_1_lcmn_var": 0.470153613606854}