{"cell_id": 510136749, "noise_1_ll_var": 0.7281992119129553, "noise_1_ln_var": 0.8045533001565041, "noise_1_cl_var": 0.7661696055290983, "noise_1_cn_var": 0.75515763545124, "noise_1_ml_var": 0.7738142492896858, "noise_1_mn_var": 0.8122366159718671, "noise_1_lcl_var": 0.773864984596245, "noise_1_lcn_var": 0.8098357410872079, "noise_1_lml_var": 0.7324899140751965, "noise_1_lmn_var": 0.7944762332536747, "noise_1_cml_var": 0.7408484043316317, "noise_1_cmn_var": 0.7735459983195828, "noise_1_lcml_var": 0.7247228153228376, "noise_1_lcmn_var": 0.7903869882160882}