{"cell_id": 510658021, "noise_1_ll_var": 0.4655072428474479, "noise_1_ln_var": 0.5199139571992041, "noise_1_cl_var": 0.3721407389470371, "noise_1_cn_var": 0.41511757656858345, "noise_1_ml_var": 0.36120132732086474, "noise_1_mn_var": 0.28123004646528593, "noise_1_lcl_var": 0.4553303110287187, "noise_1_lcn_var": 0.5701346630679753, "noise_1_lml_var": 0.3504401402486589, "noise_1_lmn_var": 0.17637738854330687, "noise_1_cml_var": 0.23227472985147624, "noise_1_cmn_var": 0.15359677451403375, "noise_1_lcml_var": 0.36113161973836594, "noise_1_lcmn_var": 0.22778916535239419}