{"cell_id": 510715606, "noise_1_ll_var": 0.3255583407929864, "noise_1_ln_var": 0.6568430421626968, "noise_1_cl_var": 0.4084156660145622, "noise_1_cn_var": 0.8533049322228241, "noise_1_ml_var": 0.24611389845705123, "noise_1_mn_var": 0.32938627946910276, "noise_1_lcl_var": 0.3131082261304969, "noise_1_lcn_var": 0.3165646177280786, "noise_1_lml_var": 0.9070805291774361, "noise_1_lmn_var": 0.31550967992258877, "noise_1_cml_var": 0.2554711257268335, "noise_1_cmn_var": 0.4097394341764556, "noise_1_lcml_var": 0.25997846216753256, "noise_1_lcmn_var": 0.28408660834531907}