{"cell_id": 512319604, "noise_1_ll_var": 0.0, "noise_1_ln_var": 0.0, "noise_1_cl_var": 0.0, "noise_1_cn_var": 0.12319810855394327, "noise_1_ml_var": 0.10170611087626534, "noise_1_mn_var": 0.0, "noise_1_lcl_var": 0.0, "noise_1_lcn_var": 0.0, "noise_1_lml_var": 0.028920129468574685, "noise_1_lmn_var": 0.08198209448088314, "noise_1_cml_var": 0.0, "noise_1_cmn_var": 0.0, "noise_1_lcml_var": 0.0, "noise_1_lcmn_var": 0.013535300021939823}