{"cell_id": 512322162, "noise_1_base_var": 0.5567600056247436, "noise_1_ll_var": 0.5807015203422403, "noise_1_ln_var": 0.6622676926061096, "noise_1_cl_var": 0.4897991556732282, "noise_1_cn_var": 0.6923433298694371, "noise_1_ml_var": 0.34916839398066274, "noise_1_mn_var": 0.5869063525483037, "noise_1_lcl_var": 0.49588605993238294, "noise_1_lcn_var": 0.6944315548621425, "noise_1_lml_var": 0.39962216655545124, "noise_1_lmn_var": 0.5855274573806766, "noise_1_cml_var": 0.49755309958055394, "noise_1_cmn_var": 0.5733131053830725, "noise_1_lcml_var": 0.33612045853703143, "noise_1_lcmn_var": 0.6889105025347776}