{"cell_id": 513510227, "noise_1_base_var": 0.7180691933078741, "noise_1_ll_var": 0.7208024894941266, "noise_1_ln_var": 0.6999494759272776, "noise_1_cl_var": 0.7358592027591603, "noise_1_cn_var": 0.7880175117700411, "noise_1_ml_var": 0.36568081114247986, "noise_1_mn_var": 0.7622278954489171, "noise_1_lcl_var": 0.7482809570196999, "noise_1_lcn_var": 0.7411283229753439, "noise_1_lml_var": 0.45174002556976073, "noise_1_lmn_var": 0.6871241854425881, "noise_1_cml_var": 0.2187997899662965, "noise_1_cmn_var": 0.6937602938999087, "noise_1_lcml_var": 0.2564198086754762, "noise_1_lcmn_var": 0.6968878219946093}