{"cell_id": 513531471, "noise_1_base_var": 0.775465592790953, "noise_1_ll_var": 0.5405188371091383, "noise_1_ln_var": 0.45090160479776314, "noise_1_cl_var": 0.5731295723790323, "noise_1_cn_var": 0.7486861208879091, "noise_1_ml_var": 0.6597813010288207, "noise_1_mn_var": 0.6631320572649699, "noise_1_lcl_var": 0.4427909646177928, "noise_1_lcn_var": 0.5998054346085185, "noise_1_lml_var": 0.612780071818927, "noise_1_lmn_var": 0.8016878719053113, "noise_1_cml_var": 0.0, "noise_1_cmn_var": 0.8421760535221922, "noise_1_lcml_var": 0.0, "noise_1_lcmn_var": 0.7275192195012152}