{"cell_id": 514767977, "noise_1_base_var": 0.823268094077729, "noise_1_ll_var": 0.12268579942270445, "noise_1_ln_var": 0.36080047949479666, "noise_1_cl_var": 0.16612170903137682, "noise_1_cn_var": 0.22785655048391482, "noise_1_ml_var": 0.11462933054316644, "noise_1_mn_var": 0.2727896217673234, "noise_1_lcl_var": 0.2198104360468055, "noise_1_lcn_var": 0.04279927649369142, "noise_1_lml_var": 0.3109445491965906, "noise_1_lmn_var": 0.8078516704673145, "noise_1_cml_var": 0.27633102825421635, "noise_1_cmn_var": 0.5448906618235718, "noise_1_lcml_var": 0.2868102371505617, "noise_1_lcmn_var": 0.0459827201856977}