{"cell_id": 514824979, "noise_1_base_var": 0.673258163433216, "noise_1_ll_var": 0.42892295399911434, "noise_1_ln_var": 0.32332433953686, "noise_1_cl_var": 0.46206089287925384, "noise_1_cn_var": 0.6659621094122421, "noise_1_ml_var": 0.24086973518242738, "noise_1_mn_var": 0.37747413512782263, "noise_1_lcl_var": 0.5890530576157927, "noise_1_lcn_var": 0.3878708904742817, "noise_1_lml_var": 0.531042726550786, "noise_1_lmn_var": 0.44167244454449756, "noise_1_cml_var": 0.5597384859509545, "noise_1_cmn_var": 0.38531665961766637, "noise_1_lcml_var": 0.6583679052487287, "noise_1_lcmn_var": 0.6889375325102569}