{"cell_id": 515249852, "noise_1_base_var": 0.5583592310566268, "noise_1_ll_var": 0.5953392093332751, "noise_1_ln_var": 0.587078744350734, "noise_1_cl_var": 0.5609914082223205, "noise_1_cn_var": 0.6726828399320183, "noise_1_ml_var": 0.309862577555693, "noise_1_mn_var": 0.601724301175902, "noise_1_lcl_var": 0.520744812936175, "noise_1_lcn_var": 0.647859657518392, "noise_1_lml_var": 0.32511262758776754, "noise_1_lmn_var": 0.6099619524989368, "noise_1_cml_var": 0.5441163040106672, "noise_1_cmn_var": 0.6097501704238328, "noise_1_lcml_var": 0.5141914513056806, "noise_1_lcmn_var": 0.6128007360268486}