{"cell_id": 515315072, "noise_1_ll_var": 0.47243406098690593, "noise_1_ln_var": 0.2544723432051052, "noise_1_cl_var": 0.46815520379264464, "noise_1_cn_var": 0.2661991130429272, "noise_1_ml_var": 0.42707941222565354, "noise_1_mn_var": 0.5588785666226969, "noise_1_lcl_var": 0.4697219212157784, "noise_1_lcn_var": 0.03606832660204349, "noise_1_lml_var": 0.46703439980665185, "noise_1_lmn_var": 0.341610270484935, "noise_1_cml_var": 0.3825607331916709, "noise_1_cmn_var": 0.3372759642376435, "noise_1_lcml_var": 0.43603265195374, "noise_1_lcmn_var": 0.020362523211292137}