{"cell_id": 515435668, "noise_1_ll_var": 0.35266302438737457, "noise_1_ln_var": 0.5743680731271158, "noise_1_cl_var": 0.45747460004279855, "noise_1_cn_var": 0.5355531182046868, "noise_1_ml_var": 0.18094713644874943, "noise_1_mn_var": 0.44334045720600457, "noise_1_lcl_var": 0.3319735092103659, "noise_1_lcn_var": 0.5946059636408294, "noise_1_lml_var": 0.37138045534656733, "noise_1_lmn_var": 0.5236694939829246, "noise_1_cml_var": 0.2054092721078324, "noise_1_cmn_var": 0.4176950786278208, "noise_1_lcml_var": 0.3154906869651053, "noise_1_lcmn_var": 0.4769674741594792}