{"cell_id": 515986607, "noise_1_ll_var": 0.7310980731816634, "noise_1_ln_var": 0.7944481569754603, "noise_1_cl_var": 0.7460366049428818, "noise_1_cn_var": 0.7649356864800927, "noise_1_ml_var": 0.7252080301971493, "noise_1_mn_var": 0.7735692892369044, "noise_1_lcl_var": 0.7344250831519167, "noise_1_lcn_var": 0.7448919680700545, "noise_1_lml_var": 0.7218656887072773, "noise_1_lmn_var": 0.7743058887877423, "noise_1_cml_var": 0.7463223449689841, "noise_1_cmn_var": 0.7729145710379917, "noise_1_lcml_var": 0.7214532686394015, "noise_1_lcmn_var": 0.768673583266412}