{"cell_id": 517077548, "noise_1_base_var": 0.7115593132534914, "noise_1_ll_var": 0.6229429428041612, "noise_1_ln_var": 0.6001656214218589, "noise_1_cl_var": 0.6207653623202394, "noise_1_cn_var": 0.6503828853307546, "noise_1_ml_var": 0.5687577815296028, "noise_1_mn_var": 0.6754303565319435, "noise_1_lcl_var": 0.6016990074146908, "noise_1_lcn_var": 0.6425654284332888, "noise_1_lml_var": 0.6359260098723097, "noise_1_lmn_var": 0.6622595624649689, "noise_1_cml_var": 0.637494807599468, "noise_1_cmn_var": 0.6615352261611935, "noise_1_lcml_var": 0.645537427348084, "noise_1_lcmn_var": 0.654137107107863}