{"cell_id": 517319635, "noise_1_base_var": 0.611297630440954, "noise_1_ll_var": 0.28081109654476377, "noise_1_ln_var": 0.5319110723076018, "noise_1_cl_var": 0.43143029817681977, "noise_1_cn_var": 0.443914892295523, "noise_1_ml_var": 0.40884191347329474, "noise_1_mn_var": 0.41041509146383925, "noise_1_lcl_var": 0.3302456406866053, "noise_1_lcn_var": 0.3652489378605632, "noise_1_lml_var": 0.43353959925712204, "noise_1_lmn_var": 0.6880907485823536, "noise_1_cml_var": 0.38438738231217146, "noise_1_cmn_var": 0.509306704260758, "noise_1_lcml_var": 0.41371086422798886, "noise_1_lcmn_var": 0.6271693293959693}