{"cell_id": 519749342, "noise_1_base_var": 0.4309646340332183, "noise_1_ll_var": 0.3835273901421265, "noise_1_ln_var": 0.12965094456065715, "noise_1_cl_var": 0.29825243481580876, "noise_1_cn_var": 0.66138141911039, "noise_1_ml_var": 0.0, "noise_1_mn_var": 0.0, "noise_1_lcl_var": 0.5945450082928045, "noise_1_lcn_var": 0.2085933550876079, "noise_1_lml_var": 0.0, "noise_1_lmn_var": 0.41065451071624487, "noise_1_cml_var": 0.2733899067537156, "noise_1_cmn_var": 0.153222415472846, "noise_1_lcml_var": 0.2666857441619205, "noise_1_lcmn_var": 0.548736296494885}