{"cell_id": 521409057, "noise_1_base_var": 0.5740369991789731, "noise_1_ll_var": 0.6136434214922157, "noise_1_ln_var": 0.7092664486882435, "noise_1_cl_var": 0.619580159063019, "noise_1_cn_var": 0.5577615984576837, "noise_1_ml_var": 0.7115994694033324, "noise_1_mn_var": 0.5710642321077338, "noise_1_lcl_var": 0.5856787197460048, "noise_1_lcn_var": 0.5019872907119743, "noise_1_lml_var": 0.4085697592691191, "noise_1_lmn_var": 0.5395821291150544, "noise_1_cml_var": 0.09149864923838126, "noise_1_cmn_var": 0.4528334489513443, "noise_1_lcml_var": 0.17588677778167927, "noise_1_lcmn_var": 0.42069715649537665}