{"cell_id": 521938313, "noise_1_base_var": 0.7285831529290117, "noise_1_ll_var": 0.6491506732244879, "noise_1_ln_var": 0.6832666810010428, "noise_1_cl_var": 0.5094658534507179, "noise_1_cn_var": 0.6914016468214318, "noise_1_ml_var": 0.665880520887524, "noise_1_mn_var": 0.6977025796914278, "noise_1_lcl_var": 0.6213097393797049, "noise_1_lcn_var": 0.7042506640964391, "noise_1_lml_var": 0.6633883800923595, "noise_1_lmn_var": 0.7073278089358107, "noise_1_cml_var": 0.5574707094568614, "noise_1_cmn_var": 0.7692366276481849, "noise_1_lcml_var": 0.6005097416602395, "noise_1_lcmn_var": 0.6802927059672809}