{"cell_id": 522152249, "noise_1_base_var": 0.45292600736838357, "noise_1_ll_var": 0.617599954509716, "noise_1_ln_var": 0.5768985117733265, "noise_1_cl_var": 0.6262439921004032, "noise_1_cn_var": 0.5985426937624917, "noise_1_ml_var": 0.7145309132160643, "noise_1_mn_var": 0.6581657119269289, "noise_1_lcl_var": 0.4220930937262537, "noise_1_lcn_var": 0.6295131448551432, "noise_1_lml_var": 0.5923884651645847, "noise_1_lmn_var": 0.6107350687005305, "noise_1_cml_var": 0.3537787642932754, "noise_1_cmn_var": 0.6598878046949468, "noise_1_lcml_var": 0.5877525019074249, "noise_1_lcmn_var": 0.6183577435036856}