{"cell_id": 523748610, "noise_1_base_var": 0.8362677996171142, "noise_1_ll_var": 0.43891893575660984, "noise_1_ln_var": 0.6691634692527476, "noise_1_cl_var": 0.793980452785421, "noise_1_cn_var": 0.8410647972574657, "noise_1_ml_var": 0.6197046414604597, "noise_1_mn_var": 0.7669981589057798, "noise_1_lcl_var": 0.42314142844870367, "noise_1_lcn_var": 0.830372524074028, "noise_1_lml_var": 0.46191220677832584, "noise_1_lmn_var": 0.8474032612117733, "noise_1_cml_var": 0.7129230081289526, "noise_1_cmn_var": 0.8413709041625753, "noise_1_lcml_var": 0.51229200058257, "noise_1_lcmn_var": 0.8266690315253206}