{"cell_id": 524689239, "noise_1_base_var": 0.8091268787294704, "noise_1_ll_var": 0.6224395634725329, "noise_1_ln_var": 0.7725965986350923, "noise_1_cl_var": 0.6315914520815405, "noise_1_cn_var": 0.7970149949060172, "noise_1_ml_var": 0.43970938446257296, "noise_1_mn_var": 0.6448425090173883, "noise_1_lcl_var": 0.6638587504809956, "noise_1_lcn_var": 0.7467990353964123, "noise_1_lml_var": 0.504444067273829, "noise_1_lmn_var": 0.6821897882689872, "noise_1_cml_var": 0.4459725475531277, "noise_1_cmn_var": 0.683794172972963, "noise_1_lcml_var": 0.5558850511566493, "noise_1_lcmn_var": 0.7221777837901254}