{"cell_id": 526573598, "noise_1_ll_var": 0.6404602132079711, "noise_1_ln_var": 0.5788265190003089, "noise_1_cl_var": 0.48387411222845106, "noise_1_cn_var": 0.4957725392929166, "noise_1_ml_var": 0.5652862615044714, "noise_1_mn_var": 0.5680891627096261, "noise_1_lcl_var": 0.4717044771117174, "noise_1_lcn_var": 0.554802038770111, "noise_1_lml_var": 0.5781504880214089, "noise_1_lmn_var": 0.48006670476581975, "noise_1_cml_var": 0.5424134466715188, "noise_1_cmn_var": 0.48529595515043605, "noise_1_lcml_var": 0.5162396480757351, "noise_1_lcmn_var": 0.4653660097989529}