{"cell_id": 526531616, "noise_1_base_var": 0.8949041681739411, "noise_1_ll_var": 0.2408707093388185, "noise_1_ln_var": 0.3588396772031862, "noise_1_cl_var": 0.9080763734967919, "noise_1_cn_var": 0.8005402151300629, "noise_1_ml_var": 0.5857469406559889, "noise_1_mn_var": 0.7253385719845407, "noise_1_lcl_var": 0.8459826208898238, "noise_1_lcn_var": 0.4722765501050094, "noise_1_lml_var": 0.3989297737717762, "noise_1_lmn_var": 0.6771008841171415, "noise_1_cml_var": 0.6756553346807015, "noise_1_cmn_var": 0.6885321167880899, "noise_1_lcml_var": 0.431615594505552, "noise_1_lcmn_var": 0.6082056688029371}