{"cell_id": 526643573, "noise_1_ll_var": 0.1912389279442463, "noise_1_ln_var": 0.30657538554025987, "noise_1_cl_var": 0.43373913170383765, "noise_1_cn_var": 0.6078994324616136, "noise_1_ml_var": 0.3117411378783671, "noise_1_mn_var": 0.3822903563395564, "noise_1_lcl_var": 0.4520614301103672, "noise_1_lcn_var": 0.3088367432739726, "noise_1_lml_var": 0.2686139779931346, "noise_1_lmn_var": 0.3545207640199464, "noise_1_cml_var": 0.21117832422712807, "noise_1_cmn_var": 0.3997877271160731, "noise_1_lcml_var": 0.24949587084762262, "noise_1_lcmn_var": 0.4162972805060468}