{"cell_id": 526668864, "noise_1_ll_var": 0.15798225643053182, "noise_1_ln_var": 0.0, "noise_1_cl_var": 0.15525106850833573, "noise_1_cn_var": 0.14605238662932538, "noise_1_ml_var": 0.0, "noise_1_mn_var": 0.0, "noise_1_lcl_var": 0.10322405940994346, "noise_1_lcn_var": 0.1589426559190552, "noise_1_lml_var": 0.0, "noise_1_lmn_var": 0.0, "noise_1_cml_var": 0.0, "noise_1_cmn_var": 0.0, "noise_1_lcml_var": 0.0, "noise_1_lcmn_var": 0.0}