{"cell_id": 526950199, "noise_1_base_var": 0.514623572454468, "noise_1_ll_var": 0.0, "noise_1_ln_var": 0.0, "noise_1_cl_var": 0.0, "noise_1_cn_var": 0.19718218539754034, "noise_1_ml_var": 0.20677257306729532, "noise_1_mn_var": 0.1367978112314577, "noise_1_lcl_var": 0.0, "noise_1_lcn_var": 0.0, "noise_1_lml_var": 0.0, "noise_1_lmn_var": 0.0, "noise_1_cml_var": 0.2095217219818693, "noise_1_cmn_var": 0.2174169428079799, "noise_1_lcml_var": 0.0, "noise_1_lcmn_var": 0.15954884591901747}