{"cell_id": 527095729, "noise_1_base_var": 0.9461566752245352, "noise_1_ll_var": 0.5385731935462353, "noise_1_ln_var": 0.7456629694471089, "noise_1_cl_var": 0.8381483232780703, "noise_1_cn_var": 0.9218561789754978, "noise_1_ml_var": 0.6719315758803033, "noise_1_mn_var": 0.8145245174525517, "noise_1_lcl_var": 0.8680111800995198, "noise_1_lcn_var": 0.7514266102174716, "noise_1_lml_var": 0.5709568756195416, "noise_1_lmn_var": 0.8717652071404783, "noise_1_cml_var": 0.8859942249846535, "noise_1_cmn_var": 0.8617660173605209, "noise_1_lcml_var": 0.9120221588712717, "noise_1_lcmn_var": 0.8468168087653145}