{"cell_id": 527116037, "noise_1_ll_var": 0.39200871339527643, "noise_1_ln_var": 0.6081290610683707, "noise_1_cl_var": 0.47359058531806036, "noise_1_cn_var": 0.6056289829390441, "noise_1_ml_var": 0.2604295700895891, "noise_1_mn_var": 0.4078728217186805, "noise_1_lcl_var": 0.3554070085239246, "noise_1_lcn_var": 0.6182841139955414, "noise_1_lml_var": 0.2632577455766978, "noise_1_lmn_var": 0.41995512989164663, "noise_1_cml_var": 0.2055880404171621, "noise_1_cmn_var": 0.4101141084790325, "noise_1_lcml_var": 0.22429626418641455, "noise_1_lcmn_var": 0.5934192018448851}