{"cell_id": 527869035, "noise_1_base_var": 0.8986671262647384, "noise_1_ll_var": 0.6409386712081672, "noise_1_ln_var": 0.5570034319450872, "noise_1_cl_var": 0.8579511748048224, "noise_1_cn_var": 0.8812333215783592, "noise_1_ml_var": 0.3688261419183181, "noise_1_mn_var": 0.5883912501208034, "noise_1_lcl_var": 0.7035796296052989, "noise_1_lcn_var": 0.6044066567866913, "noise_1_lml_var": 0.5105929234337492, "noise_1_lmn_var": 0.5407905457530428, "noise_1_cml_var": 0.7723610896720128, "noise_1_cmn_var": 0.5629553689984353, "noise_1_lcml_var": 0.6427339556076241, "noise_1_lcmn_var": 0.5409510778934881}