{"cell_id": 530731648, "noise_1_ll_var": 0.4726961517351896, "noise_1_ln_var": 0.524491759662549, "noise_1_cl_var": 0.5161944727688799, "noise_1_cn_var": 0.38928221105371547, "noise_1_ml_var": 0.13474444711479505, "noise_1_mn_var": 0.307970773171145, "noise_1_lcl_var": 0.4339233108252575, "noise_1_lcn_var": 0.3181764917422338, "noise_1_lml_var": 0.3934216511373246, "noise_1_lmn_var": 0.3848285847579934, "noise_1_cml_var": 0.0, "noise_1_cmn_var": 0.2975528950576046, "noise_1_lcml_var": 0.16051000057004053, "noise_1_lcmn_var": 0.26630623644686846}