{"cell_id": 534141324, "noise_1_base_var": 0.93145954913352, "noise_1_ll_var": 0.6526052588106639, "noise_1_ln_var": 0.8087001865637691, "noise_1_cl_var": 0.18317394775366777, "noise_1_cn_var": 0.7069747109976697, "noise_1_ml_var": 0.551945950076539, "noise_1_mn_var": 0.698175007941645, "noise_1_lcl_var": 0.15211504732438194, "noise_1_lcn_var": 0.8004584728076184, "noise_1_lml_var": 0.4961045981087618, "noise_1_lmn_var": 0.731312910870625, "noise_1_cml_var": 0.30325291959536765, "noise_1_cmn_var": 0.5355186184068776, "noise_1_lcml_var": 0.44764780396990256, "noise_1_lcmn_var": 0.6647076688696759}