{"cell_id": 535728342, "noise_1_base_var": 0.806799713669408, "noise_1_ll_var": 0.0, "noise_1_ln_var": 0.0, "noise_1_cl_var": 0.0, "noise_1_cn_var": 0.0, "noise_1_ml_var": 0.0, "noise_1_mn_var": 0.0, "noise_1_lcl_var": 0.0, "noise_1_lcn_var": 0.0, "noise_1_lml_var": 0.0, "noise_1_lmn_var": 0.1032182853720573, "noise_1_cml_var": 0.05361357097955979, "noise_1_cmn_var": 0.0, "noise_1_lcml_var": 0.052752037600508415, "noise_1_lcmn_var": 0.18288525346715573}