{"cell_id": 535708196, "noise_1_base_var": -0.0014765926850343646, "noise_1_ll_var": 0.021181224149480815, "noise_1_ln_var": -0.001803035666574016, "noise_1_cl_var": 0.0294230412655876, "noise_1_cn_var": -0.0029833965970113637, "noise_1_ml_var": 0.0, "noise_1_mn_var": 0.0, "noise_1_lcl_var": 0.19650882216948473, "noise_1_lcn_var": -0.0009832842436649047, "noise_1_lml_var": 0.023038785019733225, "noise_1_lmn_var": -0.0030043853688180126, "noise_1_cml_var": 0.02918580840717324, "noise_1_cmn_var": 0.0, "noise_1_lcml_var": 0.021450289097676465, "noise_1_lcmn_var": -0.0014204553227077357}