{"cell_id": 539014038, "noise_1_ll_var": 0.4671089736745936, "noise_1_ln_var": 0.46500356217999045, "noise_1_cl_var": 0.5700197987194775, "noise_1_cn_var": 0.9295177147030376, "noise_1_ml_var": 0.584200355219927, "noise_1_mn_var": 0.48463990145900926, "noise_1_lcl_var": 0.8150363490116084, "noise_1_lcn_var": 0.3676850598934981, "noise_1_lml_var": 0.5024214046553905, "noise_1_lmn_var": 0.7649284644386963, "noise_1_cml_var": 0.8849776684579397, "noise_1_cmn_var": 0.6261676713571362, "noise_1_lcml_var": 0.9103803300573646, "noise_1_lcmn_var": 0.6306476930228964}