{"cell_id": 547262585, "noise_1_base_var": 0.5325192743412159, "noise_1_ll_var": 0.1596438290901098, "noise_1_ln_var": 0.0989893983485463, "noise_1_cl_var": 0.04074490382331103, "noise_1_cn_var": 0.0887974586219718, "noise_1_ml_var": 0.13838343891343857, "noise_1_mn_var": 0.15832019559376226, "noise_1_lcl_var": 0.3475749065674241, "noise_1_lcn_var": 0.0, "noise_1_lml_var": 0.27541965669337365, "noise_1_lmn_var": 0.1215941573268034, "noise_1_cml_var": 0.5179675232666161, "noise_1_cmn_var": 0.26626044902091267, "noise_1_lcml_var": 0.5264593025270636, "noise_1_lcmn_var": 0.22983528753424415}