{"cell_id": 547325858, "noise_1_base_var": 0.636420002293084, "noise_1_ll_var": 0.6244665186494005, "noise_1_ln_var": 0.3403367824637715, "noise_1_cl_var": 0.3011016505162227, "noise_1_cn_var": 0.024661012035458445, "noise_1_ml_var": 0.6242868685642886, "noise_1_mn_var": 0.1924317925374735, "noise_1_lcl_var": 0.013319079957321353, "noise_1_lcn_var": 0.0068761016388798136, "noise_1_lml_var": 0.5926265839038698, "noise_1_lmn_var": 0.22710245155783615, "noise_1_cml_var": 0.5925577281611356, "noise_1_cmn_var": 0.23700714288675787, "noise_1_lcml_var": 0.5876984815427687, "noise_1_lcmn_var": 0.016403172482901674}