{"cell_id": 547344442, "noise_1_base_var": 0.5997858459977279, "noise_1_ll_var": 0.4882444337501631, "noise_1_ln_var": 0.2638292537980473, "noise_1_cl_var": 0.1667946780933395, "noise_1_cn_var": 0.012097909771077104, "noise_1_ml_var": 0.5082679657054985, "noise_1_mn_var": 0.21584756615338968, "noise_1_lcl_var": 0.09239205021036721, "noise_1_lcn_var": 0.00698254789125467, "noise_1_lml_var": 0.5167413934713493, "noise_1_lmn_var": 0.21324325485331802, "noise_1_cml_var": 0.5419412910077372, "noise_1_cmn_var": 0.06847123941228368, "noise_1_lcml_var": 0.48625788816928694, "noise_1_lcmn_var": 0.007408798063421043}