{"cell_id": 554454458, "noise_1_ll_var": 0.45334927897978705, "noise_1_ln_var": 0.5698515038257889, "noise_1_cl_var": 0.5961516201669752, "noise_1_cn_var": 0.6874131460597557, "noise_1_ml_var": 0.562825786224158, "noise_1_mn_var": 0.6444428391605586, "noise_1_lcl_var": 0.5523324813430671, "noise_1_lcn_var": 0.5462584385577851, "noise_1_lml_var": 0.5572018982962337, "noise_1_lmn_var": 0.5947687953150474, "noise_1_cml_var": 0.45652294814010347, "noise_1_cmn_var": 0.6412296956343726, "noise_1_lcml_var": 0.5638839406351723, "noise_1_lcmn_var": 0.5362096289216568}