{"cell_id": 554779051, "noise_1_ll_var": 0.37464694045035735, "noise_1_ln_var": 0.2946079841787014, "noise_1_cl_var": 0.44574265020589976, "noise_1_cn_var": 0.595919876541462, "noise_1_ml_var": 0.4132204188512814, "noise_1_mn_var": 0.6641881588151479, "noise_1_lcl_var": 0.37516883833305065, "noise_1_lcn_var": 0.310860292654993, "noise_1_lml_var": 0.437434208429531, "noise_1_lmn_var": 0.4395046284696287, "noise_1_cml_var": 0.4294187028816792, "noise_1_cmn_var": 0.5513418162643388, "noise_1_lcml_var": 0.45353487483125327, "noise_1_lcmn_var": 0.37893757606544404}