{"cell_id": 554807924, "noise_1_ll_var": 0.25371048611914593, "noise_1_ln_var": 0.6488002312894494, "noise_1_cl_var": 0.38941452100067914, "noise_1_cn_var": 0.8060364969966983, "noise_1_ml_var": 0.35550932730842066, "noise_1_mn_var": 0.3476340036344422, "noise_1_lcl_var": 0.2720561748858202, "noise_1_lcn_var": 0.8616488120382045, "noise_1_lml_var": 0.2939095619409194, "noise_1_lmn_var": 0.531415301895016, "noise_1_cml_var": 0.3561873030101107, "noise_1_cmn_var": 0.43341957624458743, "noise_1_lcml_var": 0.2883450619702828, "noise_1_lcmn_var": 0.6525455112718755}