{"cell_id": 555019563, "noise_1_ll_var": 0.5628991451927623, "noise_1_ln_var": 0.7562336475752304, "noise_1_cl_var": 0.2836246056819156, "noise_1_cn_var": 0.29081461761772587, "noise_1_ml_var": 0.3223243687054978, "noise_1_mn_var": 0.6021610957436578, "noise_1_lcl_var": 0.6940453887219422, "noise_1_lcn_var": 0.7511470904610543, "noise_1_lml_var": 0.8467515903244566, "noise_1_lmn_var": 0.5943803969086526, "noise_1_cml_var": 0.6857949847987979, "noise_1_cmn_var": 0.5796396334445474, "noise_1_lcml_var": 0.8427427468397858, "noise_1_lcmn_var": 0.8201273216213519}