{"cell_id": 555001065, "noise_1_ll_var": 0.6887974375501128, "noise_1_ln_var": 0.8049878738224487, "noise_1_cl_var": 0.22240054674769852, "noise_1_cn_var": 0.22813854719882487, "noise_1_ml_var": 0.8066683307821096, "noise_1_mn_var": 0.5587291406200182, "noise_1_lcl_var": 0.5424609880212947, "noise_1_lcn_var": 0.8089216821848303, "noise_1_lml_var": 0.8021141025715419, "noise_1_lmn_var": 0.5791589352060789, "noise_1_cml_var": 0.591937962956392, "noise_1_cmn_var": 0.45528149092324877, "noise_1_lcml_var": 0.7748755297630229, "noise_1_lcmn_var": 0.4157017097471926}