{"cell_id": 555089724, "noise_1_base_var": 0.6528953492095879, "noise_1_ll_var": 0.04347598833323582, "noise_1_ln_var": 0.04329484406059375, "noise_1_cl_var": 0.5035193660744376, "noise_1_cn_var": 0.3022812863610788, "noise_1_ml_var": 0.3481009374572304, "noise_1_mn_var": 0.263265203740454, "noise_1_lcl_var": 0.24401210405133408, "noise_1_lcn_var": 0.09098450305829592, "noise_1_lml_var": 0.1834786402887009, "noise_1_lmn_var": 0.3704271778453443, "noise_1_cml_var": 0.48544865924652075, "noise_1_cmn_var": 0.2825688761978075, "noise_1_lcml_var": 0.5438799639633334, "noise_1_lcmn_var": 0.29977880790963335}