{"cell_id": 555241040, "noise_1_ll_var": 0.7524886712118101, "noise_1_ln_var": 0.7976651702469991, "noise_1_cl_var": 0.48669348218271985, "noise_1_cn_var": 0.5121259225745544, "noise_1_ml_var": 0.5470189823345536, "noise_1_mn_var": 0.5181873901809246, "noise_1_lcl_var": 0.5823667754990477, "noise_1_lcn_var": 0.7803152283719954, "noise_1_lml_var": 0.5366592666817326, "noise_1_lmn_var": 0.6495097245668178, "noise_1_cml_var": 0.537508532367194, "noise_1_cmn_var": 0.5525070522965974, "noise_1_lcml_var": 0.7625944243799081, "noise_1_lcmn_var": 0.613907903963192}