{"cell_id": 555241875, "noise_1_ll_var": 0.1860443267535881, "noise_1_ln_var": 0.17988187067718195, "noise_1_cl_var": 0.19960451544044408, "noise_1_cn_var": 0.5244253138206129, "noise_1_ml_var": 0.3172982599935414, "noise_1_mn_var": 0.0, "noise_1_lcl_var": 0.20216736481660097, "noise_1_lcn_var": 0.18519363877941067, "noise_1_lml_var": 0.18834307674758738, "noise_1_lmn_var": 0.1404101057781318, "noise_1_cml_var": 0.0, "noise_1_cmn_var": 0.0, "noise_1_lcml_var": 0.0, "noise_1_lcmn_var": 0.2248748192018906}