{"cell_id": 555345752, "noise_1_base_var": 0.9412032871564061, "noise_1_ll_var": 0.7367974882562162, "noise_1_ln_var": 0.8376862492974781, "noise_1_cl_var": 0.7714556557624214, "noise_1_cn_var": 0.8924691648100636, "noise_1_ml_var": 0.6982252967514688, "noise_1_mn_var": 0.7479413538058951, "noise_1_lcl_var": 0.7727748066860453, "noise_1_lcn_var": 0.8009424921160382, "noise_1_lml_var": 0.7387599260194541, "noise_1_lmn_var": 0.8286657712368241, "noise_1_cml_var": 0.8982745270153496, "noise_1_cmn_var": 0.8159888940311455, "noise_1_lcml_var": 0.7479474126759373, "noise_1_lcmn_var": 0.7709774029701383}