{"cell_id": 555697303, "noise_1_base_var": 0.7971339099260228, "noise_1_ll_var": 0.58772248575027, "noise_1_ln_var": 0.4573280906692006, "noise_1_cl_var": 0.6540789916010048, "noise_1_cn_var": 0.7851530858201544, "noise_1_ml_var": 0.5844702986205401, "noise_1_mn_var": 0.7184954021426015, "noise_1_lcl_var": 0.743178377506595, "noise_1_lcn_var": 0.43554512874260287, "noise_1_lml_var": 0.7402745492628748, "noise_1_lmn_var": 0.5250154420364747, "noise_1_cml_var": 0.6806039334766313, "noise_1_cmn_var": 0.6932255086361263, "noise_1_lcml_var": 0.720722750432163, "noise_1_lcmn_var": 0.31637890409080754}