{"cell_id": 556968207, "noise_1_base_var": 0.8607511941264738, "noise_1_ll_var": 0.7970427318121804, "noise_1_ln_var": 0.8081207358014358, "noise_1_cl_var": 0.508789656270573, "noise_1_cn_var": 0.48060688880264585, "noise_1_ml_var": 0.47640983393578923, "noise_1_mn_var": 0.7568395497896956, "noise_1_lcl_var": 0.860367998567033, "noise_1_lcn_var": 0.7332068578841464, "noise_1_lml_var": 0.826498497528056, "noise_1_lmn_var": 0.7442081506137197, "noise_1_cml_var": 0.5912942929113385, "noise_1_cmn_var": 0.7101224780580088, "noise_1_lcml_var": 0.5040375064591931, "noise_1_lcmn_var": 0.830459809022534}