{"cell_id": 556923554, "noise_1_ll_var": 0.475108916809339, "noise_1_ln_var": 0.7150588520919983, "noise_1_cl_var": 0.7019708856190366, "noise_1_cn_var": 0.7133561611700574, "noise_1_ml_var": 0.4331357400188558, "noise_1_mn_var": 0.4038920096642996, "noise_1_lcl_var": 0.7328237558956314, "noise_1_lcn_var": 0.521212819568695, "noise_1_lml_var": 0.39516911647676844, "noise_1_lmn_var": 0.4162210526675145, "noise_1_cml_var": 0.32146824555747444, "noise_1_cmn_var": 0.4300673880468648, "noise_1_lcml_var": 0.32013443893920923, "noise_1_lcmn_var": 0.21751130081650183}