{"cell_id": 557037024, "noise_1_ll_var": 0.5502166089467049, "noise_1_ln_var": 0.6516966567939266, "noise_1_cl_var": 0.732402779848314, "noise_1_cn_var": 0.7624384108792126, "noise_1_ml_var": 0.5621681831563109, "noise_1_mn_var": 0.6035729030222694, "noise_1_lcl_var": 0.5366396937878478, "noise_1_lcn_var": 0.6066131654816377, "noise_1_lml_var": 0.5149946229783409, "noise_1_lmn_var": 0.5495763356216868, "noise_1_cml_var": 0.7371664655781593, "noise_1_cmn_var": 0.5690778056212565, "noise_1_lcml_var": 0.7125360342544096, "noise_1_lcmn_var": 0.5279597219407998}