{"cell_id": 557261437, "noise_1_base_var": 0.8049252469577771, "noise_1_ll_var": 0.2995117597731304, "noise_1_ln_var": 0.46351430886136524, "noise_1_cl_var": 0.6041915630767207, "noise_1_cn_var": 0.5158339050128872, "noise_1_ml_var": 0.445812764262268, "noise_1_mn_var": 0.6117891880099074, "noise_1_lcl_var": 0.45340988310450464, "noise_1_lcn_var": 0.4238656804619273, "noise_1_lml_var": 0.3338911119887617, "noise_1_lmn_var": 0.7084374124057863, "noise_1_cml_var": 0.6534971643701144, "noise_1_cmn_var": 0.5786033767723252, "noise_1_lcml_var": 0.5955053173568561, "noise_1_lcmn_var": 0.5869252303722808}