{"cell_id": 557252022, "noise_1_base_var": 0.4501043978222674, "noise_1_ll_var": 0.3570920301066477, "noise_1_ln_var": 0.4560072430839136, "noise_1_cl_var": 0.38308325312375546, "noise_1_cn_var": 0.2930862529954599, "noise_1_ml_var": 0.14037541246484123, "noise_1_mn_var": 0.5374015582562838, "noise_1_lcl_var": 0.5497078003954471, "noise_1_lcn_var": 0.5400845396754803, "noise_1_lml_var": 0.16748855155452258, "noise_1_lmn_var": 0.5244167617569143, "noise_1_cml_var": 0.0, "noise_1_cmn_var": 0.4332431319771688, "noise_1_lcml_var": 0.15830195057115767, "noise_1_lcmn_var": 0.49718765018404537}