{"cell_id": 557874460, "noise_1_ll_var": 0.33156476560146914, "noise_1_ln_var": 0.40559173856771213, "noise_1_cl_var": 0.40464430232084575, "noise_1_cn_var": 0.32841971824966276, "noise_1_ml_var": 0.0, "noise_1_mn_var": 0.08581956200265771, "noise_1_lcl_var": 0.3776235058791607, "noise_1_lcn_var": 0.4005888771916574, "noise_1_lml_var": 0.0, "noise_1_lmn_var": 0.3336579239939059, "noise_1_cml_var": 0.0, "noise_1_cmn_var": 0.08760464939297308, "noise_1_lcml_var": 0.0, "noise_1_lcmn_var": 0.2054821790414559}