{"cell_id": 557864274, "noise_1_base_var": 0.18700496469481415, "noise_1_ll_var": 0.0, "noise_1_ln_var": 0.0, "noise_1_cl_var": 0.0, "noise_1_cn_var": 0.0, "noise_1_ml_var": 0.14677797087274394, "noise_1_mn_var": 0.06932799603098731, "noise_1_lcl_var": 0.0, "noise_1_lcn_var": 0.0, "noise_1_lml_var": 0.14790458228000872, "noise_1_lmn_var": 0.4044364697161516, "noise_1_cml_var": 0.231844237955552, "noise_1_cmn_var": 0.08138997718473391, "noise_1_lcml_var": 0.09546699840380402, "noise_1_lcmn_var": 0.1704365275342881}