{"cell_id": 557998843, "noise_1_base_var": 0.556463010503529, "noise_1_ll_var": 0.5599674575610956, "noise_1_ln_var": 0.36278126207657, "noise_1_cl_var": 0.37513111531714927, "noise_1_cn_var": 0.5267953189885326, "noise_1_ml_var": 0.33756794200952733, "noise_1_mn_var": 0.4103881547475973, "noise_1_lcl_var": 0.5313626560569132, "noise_1_lcn_var": 0.4738739365099953, "noise_1_lml_var": 0.5405712479670468, "noise_1_lmn_var": 0.3107684632798526, "noise_1_cml_var": 0.31485608567197365, "noise_1_cmn_var": 0.3049466192689434, "noise_1_lcml_var": 0.5671528034400602, "noise_1_lcmn_var": 0.2839877740575155}