{"cell_id": 559387643, "noise_1_base_var": 0.6865705121527635, "noise_1_ll_var": 0.4653304970995113, "noise_1_ln_var": 0.45478395763397333, "noise_1_cl_var": 0.3483220832585651, "noise_1_cn_var": 0.41555983358396714, "noise_1_ml_var": 0.3730671298264748, "noise_1_mn_var": 0.5092124043877145, "noise_1_lcl_var": 0.2613067523317482, "noise_1_lcn_var": 0.6136063618023114, "noise_1_lml_var": 0.44150160332980704, "noise_1_lmn_var": 0.41544552213549646, "noise_1_cml_var": 0.6325512871439599, "noise_1_cmn_var": 0.24613958434232247, "noise_1_lcml_var": 0.44355273944465284, "noise_1_lcmn_var": 0.688509056767136}