{"cell_id": 560678143, "noise_1_ll_var": 0.531068686187988, "noise_1_ln_var": 0.4676014459792171, "noise_1_cl_var": 0.3907080764258226, "noise_1_cn_var": 0.40506536925695963, "noise_1_ml_var": 0.0, "noise_1_mn_var": 0.5187380169839133, "noise_1_lcl_var": 0.4138173731240341, "noise_1_lcn_var": 0.3710629117373729, "noise_1_lml_var": 0.0, "noise_1_lmn_var": 0.45939296859533196, "noise_1_cml_var": 0.43789633370434994, "noise_1_cmn_var": 0.525111683758279, "noise_1_lcml_var": 0.0, "noise_1_lcmn_var": 0.4322441257798862}