{"cell_id": 560753350, "noise_1_base_var": 0.579989727953116, "noise_1_ll_var": 0.34168283238098424, "noise_1_ln_var": 0.035541041957396505, "noise_1_cl_var": 0.34638952493889347, "noise_1_cn_var": 0.0, "noise_1_ml_var": 0.4772687895086515, "noise_1_mn_var": 0.1686294491732982, "noise_1_lcl_var": 0.3303336939387072, "noise_1_lcn_var": 0.0, "noise_1_lml_var": 0.3626131235338858, "noise_1_lmn_var": 0.03995516335679727, "noise_1_cml_var": 0.2185969781926476, "noise_1_cmn_var": 0.14784593789184633, "noise_1_lcml_var": 0.4267165589219912, "noise_1_lcmn_var": 0.2078831680401271}