{"cell_id": 560992553, "noise_1_ll_var": 0.7972808001635029, "noise_1_ln_var": 0.7682812963738288, "noise_1_cl_var": 0.7486431456619151, "noise_1_cn_var": 0.5506776559126504, "noise_1_ml_var": 0.7326318257747465, "noise_1_mn_var": 0.7795852179433636, "noise_1_lcl_var": 0.693371903158576, "noise_1_lcn_var": 0.665097662022502, "noise_1_lml_var": 0.3597873902825793, "noise_1_lmn_var": 0.6931861891569512, "noise_1_cml_var": 0.7612067697480285, "noise_1_cmn_var": 0.6345791063780245, "noise_1_lcml_var": 0.763376531716113, "noise_1_lcmn_var": 0.5943685813330369}