{"cell_id": 560965993, "noise_1_base_var": 0.8197218155956149, "noise_1_ll_var": 0.647604537548046, "noise_1_ln_var": 0.6934098171605536, "noise_1_cl_var": 0.7061124167266969, "noise_1_cn_var": 0.7540270923434164, "noise_1_ml_var": 0.7363602582615854, "noise_1_mn_var": 0.7060230267730193, "noise_1_lcl_var": 0.6427374847202819, "noise_1_lcn_var": 0.6715981742521604, "noise_1_lml_var": 0.755769722847825, "noise_1_lmn_var": 0.6715792008922427, "noise_1_cml_var": 0.7141787102193089, "noise_1_cmn_var": 0.6879849659723309, "noise_1_lcml_var": 0.7607549273207462, "noise_1_lcmn_var": 0.7653583786731355}