{"cell_id": 561325425, "noise_1_base_var": 0.9171613075324727, "noise_1_ll_var": 0.21769026427762525, "noise_1_ln_var": 0.31502253768849353, "noise_1_cl_var": 0.361541066755586, "noise_1_cn_var": 0.6486663823119704, "noise_1_ml_var": 0.4075444197463021, "noise_1_mn_var": 0.6600120744137481, "noise_1_lcl_var": 0.22915492906666554, "noise_1_lcn_var": 0.5552027334901385, "noise_1_lml_var": 0.2800875379054553, "noise_1_lmn_var": 0.5981259487744245, "noise_1_cml_var": 0.4145453492749829, "noise_1_cmn_var": 0.6776550666228518, "noise_1_lcml_var": 0.29805383574466854, "noise_1_lcmn_var": 0.6366743954786004}