{"cell_id": 561517025, "noise_1_base_var": 0.951561255327736, "noise_1_ll_var": 0.42264852941806363, "noise_1_ln_var": 0.8963507409858613, "noise_1_cl_var": 0.5319957506735072, "noise_1_cn_var": 0.8908922790185285, "noise_1_ml_var": 0.46074507450137564, "noise_1_mn_var": 0.721345423934528, "noise_1_lcl_var": 0.42751286088854223, "noise_1_lcn_var": 0.9031728535164631, "noise_1_lml_var": 0.8996598417448569, "noise_1_lmn_var": 0.7620827541169838, "noise_1_cml_var": 0.4706742246014578, "noise_1_cmn_var": 0.7769292347110585, "noise_1_lcml_var": 0.42200735089346425, "noise_1_lcmn_var": 0.7373009937563367}