{"cell_id": 561985849, "noise_1_ll_var": 0.7145899016315194, "noise_1_ln_var": 0.7203588863292313, "noise_1_cl_var": 0.5404711314576369, "noise_1_cn_var": 0.5478035133966697, "noise_1_ml_var": 0.17501370497429686, "noise_1_mn_var": 0.49801178538260477, "noise_1_lcl_var": 0.6213066301234107, "noise_1_lcn_var": 0.6883959691723467, "noise_1_lml_var": 0.7058773429176488, "noise_1_lmn_var": 0.5572808389511267, "noise_1_cml_var": 0.0, "noise_1_cmn_var": 0.5010960128586981, "noise_1_lcml_var": 0.5952391439581821, "noise_1_lcmn_var": 0.48711964206244096}