{"cell_id": 561934585, "noise_1_base_var": 0.7274662580440044, "noise_1_ll_var": 0.6222480537294366, "noise_1_ln_var": 0.7602879999046366, "noise_1_cl_var": 0.6672240782581336, "noise_1_cn_var": 0.6396296952821348, "noise_1_ml_var": 0.6443783729869362, "noise_1_mn_var": 0.5634251693909025, "noise_1_lcl_var": 0.6300892514071522, "noise_1_lcn_var": 0.6633872992549179, "noise_1_lml_var": 0.6577248249834646, "noise_1_lmn_var": 0.6199349880479487, "noise_1_cml_var": 0.4653211165783263, "noise_1_cmn_var": 0.6205008681357492, "noise_1_lcml_var": 0.556560164795713, "noise_1_lcmn_var": 0.710916974233132}