{"cell_id": 562003142, "noise_1_ll_var": 0.4175005644427579, "noise_1_ln_var": 0.39368877598509916, "noise_1_cl_var": 0.6215219072742962, "noise_1_cn_var": 0.6404580584300437, "noise_1_ml_var": 0.47260898803881923, "noise_1_mn_var": 0.6851519959832253, "noise_1_lcl_var": 0.4942621396231301, "noise_1_lcn_var": 0.4242598165025691, "noise_1_lml_var": 0.7655363025420646, "noise_1_lmn_var": 0.5373149415431087, "noise_1_cml_var": 0.49628265175185055, "noise_1_cmn_var": 0.6645158765739472, "noise_1_lcml_var": 0.536637318867381, "noise_1_lcmn_var": 0.4973114295829507}