{"cell_id": 562632795, "noise_1_ll_var": 0.1074424809226732, "noise_1_ln_var": 0.09954474818203567, "noise_1_cl_var": 0.6098514396545427, "noise_1_cn_var": 0.41373170975541607, "noise_1_ml_var": 0.05810154458087757, "noise_1_mn_var": 0.14916867202495332, "noise_1_lcl_var": 0.4207806519627207, "noise_1_lcn_var": 0.153689608948867, "noise_1_lml_var": 0.0, "noise_1_lmn_var": 0.2321264354485895, "noise_1_cml_var": 0.2140613860805138, "noise_1_cmn_var": 0.05913248477062981, "noise_1_lcml_var": 0.09694625339458739, "noise_1_lcmn_var": 0.15190354651089175}