{"cell_id": 563180078, "noise_1_ll_var": 0.30203745851218616, "noise_1_ln_var": 0.2386444119744668, "noise_1_cl_var": 0.13173930805156273, "noise_1_cn_var": 0.23924269413606866, "noise_1_ml_var": 0.0, "noise_1_mn_var": 0.0, "noise_1_lcl_var": 0.2724040556115466, "noise_1_lcn_var": 0.23718744258959054, "noise_1_lml_var": 0.13199730246412725, "noise_1_lmn_var": 0.0, "noise_1_cml_var": 0.0, "noise_1_cmn_var": 0.0, "noise_1_lcml_var": 0.0, "noise_1_lcmn_var": 0.0}