{"cell_id": 563226105, "noise_1_base_var": 0.19208666198607993, "noise_1_ll_var": 0.451499033255728, "noise_1_ln_var": 0.448388130173095, "noise_1_cl_var": 0.39774662577146935, "noise_1_cn_var": 0.43659428929296057, "noise_1_ml_var": 0.25772723121206315, "noise_1_mn_var": 0.6280206365176486, "noise_1_lcl_var": 0.37452951705590765, "noise_1_lcn_var": 0.4712242859891704, "noise_1_lml_var": 0.3668084865732988, "noise_1_lmn_var": 0.6133933851733938, "noise_1_cml_var": 0.5816974612942708, "noise_1_cmn_var": 0.45745921873146095, "noise_1_lcml_var": 0.35800846606167785, "noise_1_lcmn_var": 0.5748921700045266}