{"cell_id": 564349611, "noise_1_base_var": 0.8098304057202519, "noise_1_ll_var": 0.07843526466679705, "noise_1_ln_var": 0.07355032334911578, "noise_1_cl_var": 0.6508346190254616, "noise_1_cn_var": 0.45639202956857877, "noise_1_ml_var": 0.18348671101321903, "noise_1_mn_var": 0.2823470066290165, "noise_1_lcl_var": 0.39376988194507184, "noise_1_lcn_var": 0.16829123449603298, "noise_1_lml_var": 0.09651566262562715, "noise_1_lmn_var": 0.2490231538571765, "noise_1_cml_var": 0.3173304611035172, "noise_1_cmn_var": 0.24189986993542517, "noise_1_lcml_var": 0.06770163136602676, "noise_1_lcmn_var": 0.2214449402058211}