{"cell_id": 564346637, "noise_1_base_var": 0.4153718530279806, "noise_1_ll_var": 0.15314260251150721, "noise_1_ln_var": 0.0, "noise_1_cl_var": 0.22351124835220645, "noise_1_cn_var": 0.0, "noise_1_ml_var": 0.0, "noise_1_mn_var": 0.0, "noise_1_lcl_var": 0.14553432109688355, "noise_1_lcn_var": 0.0, "noise_1_lml_var": 0.11450255731776146, "noise_1_lmn_var": 0.0, "noise_1_cml_var": 0.07104023154598249, "noise_1_cmn_var": 0.0, "noise_1_lcml_var": 0.17144825961374607, "noise_1_lcmn_var": 0.0}