{"cell_id": 565209132, "noise_1_base_var": 0.522455900929736, "noise_1_ll_var": 0.0, "noise_1_ln_var": 0.0, "noise_1_cl_var": 0.0678298502009565, "noise_1_cn_var": 0.0, "noise_1_ml_var": 0.06958937713878184, "noise_1_mn_var": 0.04816682741060866, "noise_1_lcl_var": 0.0, "noise_1_lcn_var": 0.0, "noise_1_lml_var": 0.035723999128337305, "noise_1_lmn_var": 0.11048284675135847, "noise_1_cml_var": 0.10416390878211475, "noise_1_cmn_var": 0.1390604535526989, "noise_1_lcml_var": 0.10066279787144937, "noise_1_lcmn_var": 0.23772217477761018}