{"cell_id": 565459685, "noise_1_ll_var": 0.7564055207044347, "noise_1_ln_var": 0.5197956836234756, "noise_1_cl_var": 0.7465253521996842, "noise_1_cn_var": 0.8464086210072324, "noise_1_ml_var": 0.7156280130777697, "noise_1_mn_var": 0.9078730326908079, "noise_1_lcl_var": 0.779860578947599, "noise_1_lcn_var": 0.2688628503049547, "noise_1_lml_var": 0.7146779524677416, "noise_1_lmn_var": 0.6878090389035445, "noise_1_cml_var": 0.7458806436240103, "noise_1_cmn_var": 0.8417076070669159, "noise_1_lcml_var": 0.7240993706826885, "noise_1_lcmn_var": 0.5887073669431567}