{"cell_id": 565462089, "noise_1_ll_var": 0.6589841511803687, "noise_1_ln_var": 0.4368735022123569, "noise_1_cl_var": 0.4706925064649957, "noise_1_cn_var": 0.6976025402949219, "noise_1_ml_var": 0.9327777983826988, "noise_1_mn_var": 0.5522625802965935, "noise_1_lcl_var": 0.33547827911613665, "noise_1_lcn_var": 0.28386645135213395, "noise_1_lml_var": 0.8400475011976791, "noise_1_lmn_var": 0.4195169009649126, "noise_1_cml_var": 0.3925169681472021, "noise_1_cmn_var": 0.4678844130814076, "noise_1_lcml_var": 0.8630353020807122, "noise_1_lcmn_var": 0.3402379328776367}