{"cell_id": 565415071, "noise_1_base_var": 0.9444628164725843, "noise_1_ll_var": 0.30766919756911626, "noise_1_ln_var": 0.24193883364586316, "noise_1_cl_var": 0.5434698913525943, "noise_1_cn_var": 0.7709867850962786, "noise_1_ml_var": 0.7741613424078727, "noise_1_mn_var": 0.6484284041579804, "noise_1_lcl_var": 0.3248508074260554, "noise_1_lcn_var": 0.17188096117645868, "noise_1_lml_var": 0.8019717954150011, "noise_1_lmn_var": 0.44603171636771527, "noise_1_cml_var": 0.836449361193917, "noise_1_cmn_var": 0.6024948324664349, "noise_1_lcml_var": 0.7346928868709359, "noise_1_lcmn_var": 0.7956406265067312}