{"cell_id": 565863515, "noise_1_base_var": 0.723739918743785, "noise_1_ll_var": 0.5953100728359842, "noise_1_ln_var": 0.5822399113365706, "noise_1_cl_var": 0.5652779750024913, "noise_1_cn_var": 0.5881385145985685, "noise_1_ml_var": 0.6155748553927229, "noise_1_mn_var": 0.6440847507063978, "noise_1_lcl_var": 0.5347700334827485, "noise_1_lcn_var": 0.6177557267459319, "noise_1_lml_var": 0.6090993901743748, "noise_1_lmn_var": 0.6033825545582968, "noise_1_cml_var": 0.6251414870401348, "noise_1_cmn_var": 0.544821914195233, "noise_1_lcml_var": 0.6063538445618609, "noise_1_lcmn_var": 0.5651563917071278}