{"cell_id": 565888394, "noise_1_base_var": 0.8173680501542387, "noise_1_ll_var": 0.5950768838358611, "noise_1_ln_var": 0.7421486697462827, "noise_1_cl_var": 0.6512915075572604, "noise_1_cn_var": 0.7958613800817941, "noise_1_ml_var": 0.41290819459328293, "noise_1_mn_var": 0.504654577438442, "noise_1_lcl_var": 0.466821731591561, "noise_1_lcn_var": 0.6301428403293882, "noise_1_lml_var": 0.5884706647574297, "noise_1_lmn_var": 0.45677640188124885, "noise_1_cml_var": 0.4719055658693422, "noise_1_cmn_var": 0.4674871314168724, "noise_1_lcml_var": 0.4747195028269314, "noise_1_lcmn_var": 0.46722871226899537}