{"cell_id": 565880475, "noise_1_base_var": 0.7876676423793122, "noise_1_ll_var": 0.37978458321502473, "noise_1_ln_var": 0.12078315546602374, "noise_1_cl_var": 0.26079927408407355, "noise_1_cn_var": 0.35858218574484124, "noise_1_ml_var": 0.46893612264476403, "noise_1_mn_var": 0.6223879895456101, "noise_1_lcl_var": 0.5152142712362744, "noise_1_lcn_var": 0.2687907404703908, "noise_1_lml_var": 0.594777763313309, "noise_1_lmn_var": 0.6101625620679003, "noise_1_cml_var": 0.39321263521478017, "noise_1_cmn_var": 0.528665798615011, "noise_1_lcml_var": 0.3500843274496735, "noise_1_lcmn_var": 0.672542113808768}