{"cell_id": 565866518, "noise_1_base_var": 0.9645049478510572, "noise_1_ll_var": 0.4032347459180166, "noise_1_ln_var": 0.7026826861660954, "noise_1_cl_var": 0.5094170402828523, "noise_1_cn_var": 0.8793722553414631, "noise_1_ml_var": 0.5141930758320057, "noise_1_mn_var": 0.8041738261261635, "noise_1_lcl_var": 0.9123484340560059, "noise_1_lcn_var": 0.4165691782077641, "noise_1_lml_var": 0.4287913010092523, "noise_1_lmn_var": 0.7853226516766135, "noise_1_cml_var": 0.5152985261026839, "noise_1_cmn_var": 0.7736773081356904, "noise_1_lcml_var": 0.9133877337284059, "noise_1_lcmn_var": 0.6942644299503444}