{"cell_id": 566541912, "noise_1_base_var": 0.6395352139657992, "noise_1_ll_var": 0.42680566177709217, "noise_1_ln_var": 0.22317267407887012, "noise_1_cl_var": 0.48694073395377774, "noise_1_cn_var": 0.6806275504524112, "noise_1_ml_var": 0.3744178494599468, "noise_1_mn_var": 0.28114699811048893, "noise_1_lcl_var": 0.6336418398004899, "noise_1_lcn_var": 0.19916454065850267, "noise_1_lml_var": 0.6294844636620617, "noise_1_lmn_var": 0.25180241454292357, "noise_1_cml_var": 0.35908429491363314, "noise_1_cmn_var": 0.2049784665194133, "noise_1_lcml_var": 0.6700189409384997, "noise_1_lcmn_var": 0.23800211872921198}