{"cell_id": 566671538, "noise_1_base_var": 0.542621178035114, "noise_1_ll_var": 0.4273710245710413, "noise_1_ln_var": 0.5834322645849606, "noise_1_cl_var": 0.21289214748311952, "noise_1_cn_var": 0.42593545266075455, "noise_1_ml_var": 0.4015057309636466, "noise_1_mn_var": 0.5149710672064955, "noise_1_lcl_var": 0.43254743647685107, "noise_1_lcn_var": 0.695272757141205, "noise_1_lml_var": 0.4332780020015464, "noise_1_lmn_var": 0.6991792999791399, "noise_1_cml_var": 0.37982106849388814, "noise_1_cmn_var": 0.43162593458513204, "noise_1_lcml_var": 0.33118762058452533, "noise_1_lcmn_var": 0.6789741406114221}