{"cell_id": 566647353, "noise_1_ll_var": 0.2395661290510684, "noise_1_ln_var": 0.3071485562669844, "noise_1_cl_var": 0.14824989313233622, "noise_1_cn_var": 0.11936189883721764, "noise_1_ml_var": 0.09592813933829906, "noise_1_mn_var": 0.10341257143305252, "noise_1_lcl_var": 0.22659814591987587, "noise_1_lcn_var": 0.2975219614353342, "noise_1_lml_var": 0.1740099413156156, "noise_1_lmn_var": 0.19301961567258422, "noise_1_cml_var": 0.08020704347075207, "noise_1_cmn_var": 0.061276658726588884, "noise_1_lcml_var": 0.13703256859500323, "noise_1_lcmn_var": 0.18350266214963162}