{"cell_id": 566761793, "noise_1_base_var": 0.7347765377610288, "noise_1_ll_var": 0.3964423454678773, "noise_1_ln_var": 0.1621215784770079, "noise_1_cl_var": 0.34255319421779984, "noise_1_cn_var": 0.45372633815185975, "noise_1_ml_var": 0.0, "noise_1_mn_var": 0.0, "noise_1_lcl_var": 0.5772631745914171, "noise_1_lcn_var": 0.0916961476235593, "noise_1_lml_var": 0.0920659311333293, "noise_1_lmn_var": 0.08957910192259388, "noise_1_cml_var": 0.0, "noise_1_cmn_var": 0.0, "noise_1_lcml_var": 0.08464009659975835, "noise_1_lcmn_var": 0.4773200308736222}