{"cell_id": 567007144, "noise_1_base_var": 0.41877316433089545, "noise_1_ll_var": 0.0, "noise_1_ln_var": 0.0, "noise_1_cl_var": 0.0, "noise_1_cn_var": 0.0, "noise_1_ml_var": 0.0, "noise_1_mn_var": 0.0, "noise_1_lcl_var": 0.10039796366249452, "noise_1_lcn_var": 0.0, "noise_1_lml_var": 0.0, "noise_1_lmn_var": 0.22727284174975454, "noise_1_cml_var": 0.09571349512418782, "noise_1_cmn_var": 0.08437787565510149, "noise_1_lcml_var": 0.10331427574677737, "noise_1_lcmn_var": 0.39843604107102276}