{"cell_id": 567320213, "noise_1_base_var": 0.5530607408961015, "noise_1_ll_var": 0.36317551323238223, "noise_1_ln_var": 0.6535071437773918, "noise_1_cl_var": 0.032449864460918625, "noise_1_cn_var": 0.03933675574544591, "noise_1_ml_var": 0.4622574079146994, "noise_1_mn_var": 0.0, "noise_1_lcl_var": 0.013194219805873025, "noise_1_lcn_var": 0.17728647568971034, "noise_1_lml_var": 0.35545991324869236, "noise_1_lmn_var": 0.061401665629120576, "noise_1_cml_var": 0.05741770676450856, "noise_1_cmn_var": 0.2947214921430425, "noise_1_lcml_var": 0.42478266961601535, "noise_1_lcmn_var": 0.033729931150380574}