{"cell_id": 567354967, "noise_1_base_var": 0.6892300861900341, "noise_1_ll_var": 0.11435857805373652, "noise_1_ln_var": 0.0, "noise_1_cl_var": 0.5282947720187343, "noise_1_cn_var": 0.3420554878247909, "noise_1_ml_var": 0.11570676674782128, "noise_1_mn_var": 0.2009097947534588, "noise_1_lcl_var": 0.1250164187209661, "noise_1_lcn_var": 0.0, "noise_1_lml_var": 0.3536081458247262, "noise_1_lmn_var": 0.21278219194057071, "noise_1_cml_var": 0.6704919318290969, "noise_1_cmn_var": 0.25479335810092385, "noise_1_lcml_var": 0.5350105499419396, "noise_1_lcmn_var": 0.6362697696571278}