{"cell_id": 567927838, "noise_1_ll_var": 0.402397177232443, "noise_1_ln_var": 0.6116049565949241, "noise_1_cl_var": 0.5426702678056351, "noise_1_cn_var": 0.9108448089610358, "noise_1_ml_var": 0.6132973852430825, "noise_1_mn_var": 0.8537209320329974, "noise_1_lcl_var": 0.4152913773395428, "noise_1_lcn_var": 0.5591979060548332, "noise_1_lml_var": 0.480596031692084, "noise_1_lmn_var": 0.7870277211269204, "noise_1_cml_var": 0.6279733040087779, "noise_1_cmn_var": 0.8446181438642262, "noise_1_lcml_var": 0.4860706390082277, "noise_1_lcmn_var": 0.6042169827441212}