{"cell_id": 567952169, "noise_1_ll_var": 0.6233135349338313, "noise_1_ln_var": 0.5895191492546414, "noise_1_cl_var": 0.6418176537447634, "noise_1_cn_var": 0.9385554037331979, "noise_1_ml_var": 0.8999529035570101, "noise_1_mn_var": 0.64867630983548, "noise_1_lcl_var": 0.7233679607252154, "noise_1_lcn_var": 0.6640515780172112, "noise_1_lml_var": 0.7238116331530285, "noise_1_lmn_var": 0.6116952449512341, "noise_1_cml_var": 0.5511801385723695, "noise_1_cmn_var": 0.7953464916240139, "noise_1_lcml_var": 0.7411677845045882, "noise_1_lcmn_var": 0.573950547325754}