{"cell_id": 568568071, "noise_1_ll_var": 0.39934285871568026, "noise_1_ln_var": 0.6065918054290883, "noise_1_cl_var": 0.3295042615899581, "noise_1_cn_var": 0.5533922589968477, "noise_1_ml_var": 0.26849216576569407, "noise_1_mn_var": 0.33525370616287986, "noise_1_lcl_var": 0.31128777428981874, "noise_1_lcn_var": 0.3267059055274709, "noise_1_lml_var": 0.29856058714667516, "noise_1_lmn_var": 0.4305434275486243, "noise_1_cml_var": 0.27360481527785974, "noise_1_cmn_var": 0.4989536758326617, "noise_1_lcml_var": 0.2916400014491813, "noise_1_lcmn_var": 0.27676896081394314}