{"cell_id": 569072334, "noise_1_base_var": 0.9155425986296281, "noise_1_ll_var": 0.11530715328110834, "noise_1_ln_var": 0.0825409061456437, "noise_1_cl_var": 0.1793855817274799, "noise_1_cn_var": 0.5132941477384437, "noise_1_ml_var": 0.11233617425010942, "noise_1_mn_var": 0.21395543836263667, "noise_1_lcl_var": 0.11289111342031931, "noise_1_lcn_var": 0.29891241568225885, "noise_1_lml_var": 0.0791149762798147, "noise_1_lmn_var": 0.2743599054343973, "noise_1_cml_var": 0.14719023018280517, "noise_1_cmn_var": 0.41677991905092626, "noise_1_lcml_var": 0.11410920404656742, "noise_1_lcmn_var": 0.40187134345857317}