{"cell_id": 569494755, "noise_1_base_var": 0.599854126685723, "noise_1_ll_var": 0.3133659831492637, "noise_1_ln_var": 0.26281319810772213, "noise_1_cl_var": 0.12299651937519852, "noise_1_cn_var": 0.08884541176866, "noise_1_ml_var": 0.11348768771427495, "noise_1_mn_var": 0.0, "noise_1_lcl_var": 0.37463570316135797, "noise_1_lcn_var": 0.13063392359513068, "noise_1_lml_var": 0.1964720568152053, "noise_1_lmn_var": 0.12913283231104875, "noise_1_cml_var": 0.4159226980927426, "noise_1_cmn_var": 0.08646510555530797, "noise_1_lcml_var": 0.345317299912601, "noise_1_lcmn_var": 0.017274737753677334}