{"cell_id": 569670455, "noise_1_base_var": 0.4034012549384084, "noise_1_ll_var": 0.45078276187912875, "noise_1_ln_var": 0.3391808690860863, "noise_1_cl_var": 0.07854377470036335, "noise_1_cn_var": 0.010464718141506913, "noise_1_ml_var": 0.0, "noise_1_mn_var": 0.0, "noise_1_lcl_var": 0.009223793845598837, "noise_1_lcn_var": 0.0, "noise_1_lml_var": 0.48814999132054504, "noise_1_lmn_var": 0.0, "noise_1_cml_var": 0.39722347456652235, "noise_1_cmn_var": 0.0, "noise_1_lcml_var": 0.0, "noise_1_lcmn_var": 0.0}