{"cell_id": 569723405, "noise_1_ll_var": 0.8041013880176751, "noise_1_ln_var": 0.5382124663452468, "noise_1_cl_var": 0.30648554456001376, "noise_1_cn_var": 0.5629333754649616, "noise_1_ml_var": 0.2686457492290173, "noise_1_mn_var": 0.47844602902359906, "noise_1_lcl_var": 0.27767987092683705, "noise_1_lcn_var": 0.8842320899397014, "noise_1_lml_var": 0.25869527806785403, "noise_1_lmn_var": 0.39118586506854564, "noise_1_cml_var": 0.26935606994142525, "noise_1_cmn_var": 0.41390152067060404, "noise_1_lcml_var": 0.26410117619635337, "noise_1_lcmn_var": 0.42375272875152054}