{"cell_id": 569810649, "noise_1_base_var": 0.5550093560883892, "noise_1_ll_var": 0.09710251013950995, "noise_1_ln_var": 0.16747799774404157, "noise_1_cl_var": 0.09193362700574868, "noise_1_cn_var": 0.04439036244508905, "noise_1_ml_var": 0.0, "noise_1_mn_var": 0.0, "noise_1_lcl_var": 0.08578774414977278, "noise_1_lcn_var": 0.26388501273261417, "noise_1_lml_var": 0.03729763640153097, "noise_1_lmn_var": 0.25150924981955497, "noise_1_cml_var": 0.061793584546645894, "noise_1_cmn_var": 0.0, "noise_1_lcml_var": 0.06345954184100804, "noise_1_lcmn_var": 0.27956747889791655}