{"cell_id": 569809287, "noise_1_base_var": 0.6317682922457059, "noise_1_ll_var": 0.21338167245095704, "noise_1_ln_var": 0.23165454243732164, "noise_1_cl_var": 0.23603881693671205, "noise_1_cn_var": 0.0, "noise_1_ml_var": 0.25818835089022596, "noise_1_mn_var": 0.23260954485968005, "noise_1_lcl_var": 0.24535532731862425, "noise_1_lcn_var": 0.20679940299349772, "noise_1_lml_var": 0.32450895352624826, "noise_1_lmn_var": 0.3518654533875899, "noise_1_cml_var": 0.2744741542867992, "noise_1_cmn_var": 0.2168699029008194, "noise_1_lcml_var": 0.20881949713291253, "noise_1_lcmn_var": 0.5496226063900814}