{"cell_id": 569998790, "noise_1_ll_var": 0.8082839840412284, "noise_1_ln_var": 0.39912901932086126, "noise_1_cl_var": 0.778130414766854, "noise_1_cn_var": 0.7762729223373068, "noise_1_ml_var": 0.7756338789404988, "noise_1_mn_var": 0.4334960580303918, "noise_1_lcl_var": 0.3098104663599037, "noise_1_lcn_var": 0.7523057147529106, "noise_1_lml_var": 0.8023887664965049, "noise_1_lmn_var": 0.5922378968861374, "noise_1_cml_var": 0.7811183363573353, "noise_1_cmn_var": 0.46929980887598205, "noise_1_lcml_var": 0.81313649508893, "noise_1_lcmn_var": 0.6703557259844037}