{"cell_id": 569965244, "noise_1_ll_var": 0.7440800990992972, "noise_1_ln_var": 0.503061229030628, "noise_1_cl_var": 0.1675113471138275, "noise_1_cn_var": 0.06614478477086357, "noise_1_ml_var": 0.6008086394009496, "noise_1_mn_var": 0.10548209405383074, "noise_1_lcl_var": 0.365554047613594, "noise_1_lcn_var": 0.29053391739735723, "noise_1_lml_var": 0.7121136029610452, "noise_1_lmn_var": 0.2458005691710252, "noise_1_cml_var": 0.7726603217094897, "noise_1_cmn_var": 0.2928228435741055, "noise_1_lcml_var": 0.7871334633393257, "noise_1_lcmn_var": 0.20674356632663043}