{"cell_id": 570438732, "noise_1_base_var": 0.582368007967428, "noise_1_ll_var": 0.392761363220909, "noise_1_ln_var": 0.4786877734706058, "noise_1_cl_var": 0.6852703671318062, "noise_1_cn_var": 0.552681462364072, "noise_1_ml_var": 0.43593173564834, "noise_1_mn_var": 0.6927059223879939, "noise_1_lcl_var": 0.36780805012545564, "noise_1_lcn_var": 0.49820901456585326, "noise_1_lml_var": 0.42501474950865126, "noise_1_lmn_var": 0.677000325981043, "noise_1_cml_var": 0.4588320778401405, "noise_1_cmn_var": 0.6033740246393609, "noise_1_lcml_var": 0.4723280479898045, "noise_1_lcmn_var": 0.5162144593278497}