{"cell_id": 570946690, "noise_1_ll_var": 0.4799202104294285, "noise_1_ln_var": 0.4644912017632153, "noise_1_cl_var": 0.2657050249888589, "noise_1_cn_var": 0.5398609513911724, "noise_1_ml_var": 0.21623660818708373, "noise_1_mn_var": 0.26673915616384963, "noise_1_lcl_var": 0.27487254448718706, "noise_1_lcn_var": 0.5333320112644596, "noise_1_lml_var": 0.7295331436219584, "noise_1_lmn_var": 0.279871925890221, "noise_1_cml_var": 0.20484510194073766, "noise_1_cmn_var": 0.2722816145351663, "noise_1_lcml_var": 0.22047514889062497, "noise_1_lcmn_var": 0.2669491999755627}