{"cell_id": 571379222, "noise_1_ll_var": 0.586434173653331, "noise_1_ln_var": 0.5802520907631443, "noise_1_cl_var": 0.4820754242875373, "noise_1_cn_var": 0.6966904325374357, "noise_1_ml_var": 0.37780676477417235, "noise_1_mn_var": 0.6978337611074004, "noise_1_lcl_var": 0.6298474734166801, "noise_1_lcn_var": 0.4070684069780448, "noise_1_lml_var": 0.8681994214241617, "noise_1_lmn_var": 0.6067079956325105, "noise_1_cml_var": 0.39214642417785595, "noise_1_cmn_var": 0.8125621367573377, "noise_1_lcml_var": 0.8544743180164193, "noise_1_lcmn_var": 0.6105366249685892}