{"cell_id": 571306690, "noise_1_ll_var": 0.6036528197939636, "noise_1_ln_var": 0.6057801415997446, "noise_1_cl_var": 0.5797906405172177, "noise_1_cn_var": 0.5683624661050843, "noise_1_ml_var": 0.5474557127417033, "noise_1_mn_var": 0.6164455852092378, "noise_1_lcl_var": 0.5898494855960135, "noise_1_lcn_var": 0.6422229375236667, "noise_1_lml_var": 0.5832398071152757, "noise_1_lmn_var": 0.5562507238894392, "noise_1_cml_var": 0.3980665166041053, "noise_1_cmn_var": 0.5981612280514044, "noise_1_lcml_var": 0.09759774394845926, "noise_1_lcmn_var": 0.46227803939175477}