{"cell_id": 571396942, "noise_1_base_var": 0.9575634170191654, "noise_1_ll_var": 0.8933793184980051, "noise_1_ln_var": 0.7483575912271282, "noise_1_cl_var": 0.32471182915590185, "noise_1_cn_var": 0.8575926044447292, "noise_1_ml_var": 0.42547550734753964, "noise_1_mn_var": 0.7395057910793441, "noise_1_lcl_var": 0.29935318922690923, "noise_1_lcn_var": 0.8005067538464076, "noise_1_lml_var": 0.9161736386539807, "noise_1_lmn_var": 0.4227612649567704, "noise_1_cml_var": 0.412106774257015, "noise_1_cmn_var": 0.5216595888334544, "noise_1_lcml_var": 0.349896548991698, "noise_1_lcmn_var": 0.4175129238030647}