{"cell_id": 573404307, "noise_1_base_var": 0.9696594768767965, "noise_1_ll_var": 0.36135943585066754, "noise_1_ln_var": 0.572485011226283, "noise_1_cl_var": 0.5380037729919319, "noise_1_cn_var": 0.48901653656288824, "noise_1_ml_var": 0.7736263651405172, "noise_1_mn_var": 0.3838211089409964, "noise_1_lcl_var": 0.598913132192505, "noise_1_lcn_var": 0.219892638657378, "noise_1_lml_var": 0.8703668198772225, "noise_1_lmn_var": 0.3409396037248633, "noise_1_cml_var": 0.8350851782633781, "noise_1_cmn_var": 0.3566542127843437, "noise_1_lcml_var": 0.8952845372189366, "noise_1_lcmn_var": 0.8101165201769982}