{"cell_id": 573622646, "noise_1_base_var": 0.9614132532958987, "noise_1_ll_var": 0.3983382438701973, "noise_1_ln_var": 0.3013525880045005, "noise_1_cl_var": 0.6670429362776751, "noise_1_cn_var": 0.29933365784734517, "noise_1_ml_var": 0.47487505046084455, "noise_1_mn_var": 0.6274806637482078, "noise_1_lcl_var": 0.34239787759287554, "noise_1_lcn_var": 0.23363059513997175, "noise_1_lml_var": 0.9004791173565234, "noise_1_lmn_var": 0.5044464700367752, "noise_1_cml_var": 0.8677053915806999, "noise_1_cmn_var": 0.5367305677931953, "noise_1_lcml_var": 0.8387746364984108, "noise_1_lcmn_var": 0.7068687592675645}