{"cell_id": 574067499, "noise_1_ll_var": 0.4070691624322049, "noise_1_ln_var": 0.578495359315418, "noise_1_cl_var": 0.5372384663728254, "noise_1_cn_var": 0.9568231043110746, "noise_1_ml_var": 0.46679836442926925, "noise_1_mn_var": 0.88839946487406, "noise_1_lcl_var": 0.39029044599724266, "noise_1_lcn_var": 0.3925672633851476, "noise_1_lml_var": 0.42731285514009065, "noise_1_lmn_var": 0.6002595910582039, "noise_1_cml_var": 0.4762379552379964, "noise_1_cmn_var": 0.7935487011854658, "noise_1_lcml_var": 0.4330742040596295, "noise_1_lcmn_var": 0.5218159842914918}