{"cell_id": 574059157, "noise_1_ll_var": 0.10995232300211152, "noise_1_ln_var": 0.21163860409498478, "noise_1_cl_var": 0.1237864026405953, "noise_1_cn_var": 0.7406526997923988, "noise_1_ml_var": 0.19324406774145575, "noise_1_mn_var": 0.39355797046750285, "noise_1_lcl_var": 0.11557625272040295, "noise_1_lcn_var": 0.3571412765989492, "noise_1_lml_var": 0.1338827320403816, "noise_1_lmn_var": 0.3191624058635338, "noise_1_cml_var": 0.21237835386090548, "noise_1_cmn_var": 0.5933871434775018, "noise_1_lcml_var": 0.14290204853347876, "noise_1_lcmn_var": 0.4164627221367481}