{"cell_id": 574038330, "noise_1_base_var": 0.537166847585523, "noise_1_ll_var": 0.2831677485108638, "noise_1_ln_var": 0.11913557004386564, "noise_1_cl_var": 0.3746567583882895, "noise_1_cn_var": 0.0, "noise_1_ml_var": 0.16285900019482094, "noise_1_mn_var": 0.15924903053539746, "noise_1_lcl_var": 0.25741650482309714, "noise_1_lcn_var": 0.0, "noise_1_lml_var": 0.4174772306735878, "noise_1_lmn_var": 0.23283059811789822, "noise_1_cml_var": 0.1909009061911966, "noise_1_cmn_var": 0.2552217385397896, "noise_1_lcml_var": 0.6048345522735844, "noise_1_lcmn_var": 0.03480166315332935}