{"cell_id": 574377552, "noise_1_ll_var": 0.4854909046688953, "noise_1_ln_var": 0.3591544118721743, "noise_1_cl_var": 0.7415086820447198, "noise_1_cn_var": 0.36113349754894297, "noise_1_ml_var": 0.2567967667535494, "noise_1_mn_var": 0.3939673018294593, "noise_1_lcl_var": 0.2661014570582163, "noise_1_lcn_var": 0.09863645207170908, "noise_1_lml_var": 0.49926584737303903, "noise_1_lmn_var": 0.4048737757800244, "noise_1_cml_var": 0.757593682830011, "noise_1_cmn_var": 0.2936090849331441, "noise_1_lcml_var": 0.25117067850725966, "noise_1_lcmn_var": 0.6059350670626501}