{"cell_id": 574734127, "noise_1_base_var": 0.9394924224185862, "noise_1_ll_var": 0.5307223224978671, "noise_1_ln_var": 0.7257654660878885, "noise_1_cl_var": 0.7928385069511733, "noise_1_cn_var": 0.8895865674300971, "noise_1_ml_var": 0.554880325032844, "noise_1_mn_var": 0.730725970872611, "noise_1_lcl_var": 0.5906775062622398, "noise_1_lcn_var": 0.7221369392866379, "noise_1_lml_var": 0.8920611249167679, "noise_1_lmn_var": 0.6103151127364682, "noise_1_cml_var": 0.8791226826507935, "noise_1_cmn_var": 0.7319693291907919, "noise_1_lcml_var": 0.8958592278397125, "noise_1_lcmn_var": 0.5705058474681355}