{"cell_id": 574993444, "noise_1_ll_var": 0.7390369258274383, "noise_1_ln_var": 0.6602980479884939, "noise_1_cl_var": 0.6098317604914849, "noise_1_cn_var": 0.7517099879459013, "noise_1_ml_var": 0.297646904474636, "noise_1_mn_var": 0.3403396234164605, "noise_1_lcl_var": 0.3332531221087177, "noise_1_lcn_var": 0.5119472482809939, "noise_1_lml_var": 0.6284529732136583, "noise_1_lmn_var": 0.49543682905550346, "noise_1_cml_var": 0.8837381526619907, "noise_1_cmn_var": 0.3738433930964219, "noise_1_lcml_var": 0.831997981624884, "noise_1_lcmn_var": 0.39527304976905286}