{"cell_id": 574992320, "noise_1_base_var": 0.9686650303727129, "noise_1_ll_var": 0.35026746978658635, "noise_1_ln_var": 0.8365317200961435, "noise_1_cl_var": 0.4741653827306522, "noise_1_cn_var": 0.7269620474554787, "noise_1_ml_var": 0.4747754893693034, "noise_1_mn_var": 0.7164329868876944, "noise_1_lcl_var": 0.3544357086636752, "noise_1_lcn_var": 0.7552278202213272, "noise_1_lml_var": 0.3839620689432276, "noise_1_lmn_var": 0.7529498756263118, "noise_1_cml_var": 0.4829240473588408, "noise_1_cmn_var": 0.7269274080523453, "noise_1_lcml_var": 0.39228758579245104, "noise_1_lcmn_var": 0.6080759718627161}