{"cell_id": 575774870, "noise_1_base_var": 0.6881296910030307, "noise_1_ll_var": 0.6187911826076937, "noise_1_ln_var": 0.4909095440961672, "noise_1_cl_var": 0.6200915496330247, "noise_1_cn_var": 0.6606411120803557, "noise_1_ml_var": 0.5334425554483768, "noise_1_mn_var": 0.7243437682860356, "noise_1_lcl_var": 0.5780520498645859, "noise_1_lcn_var": 0.5614034484955016, "noise_1_lml_var": 0.5788194292039751, "noise_1_lmn_var": 0.6987320830488851, "noise_1_cml_var": 0.4922505899248499, "noise_1_cmn_var": 0.7001501562005926, "noise_1_lcml_var": 0.6048330081116629, "noise_1_lcmn_var": 0.6577053009492027}