{"cell_id": 577218602, "noise_1_base_var": 0.08291069273181732, "noise_1_ll_var": 0.08563350945609752, "noise_1_ln_var": 0.1901680272152695, "noise_1_cl_var": 0.22410645154384756, "noise_1_cn_var": 0.1767632650789003, "noise_1_ml_var": 0.09279981813115984, "noise_1_mn_var": 0.17800869938710365, "noise_1_lcl_var": 0.2022811258592031, "noise_1_lcn_var": 0.19640172065724665, "noise_1_lml_var": 0.14241793066815436, "noise_1_lmn_var": 0.1716282714609675, "noise_1_cml_var": 0.14454559998956412, "noise_1_cmn_var": 0.15229370414555302, "noise_1_lcml_var": 0.19956957047962687, "noise_1_lcmn_var": 0.1222349997046181}