{"cell_id": 577369606, "noise_1_base_var": 0.6500631560864953, "noise_1_ll_var": 0.6182989038219708, "noise_1_ln_var": 0.6081418300252374, "noise_1_cl_var": 0.6239280285398344, "noise_1_cn_var": 0.6305442057969531, "noise_1_ml_var": 0.5986985005641925, "noise_1_mn_var": 0.5705952180994645, "noise_1_lcl_var": 0.637679137189788, "noise_1_lcn_var": 0.6081953056981325, "noise_1_lml_var": 0.6233471678490775, "noise_1_lmn_var": 0.5895850403872298, "noise_1_cml_var": 0.6513750799466024, "noise_1_cmn_var": 0.5628403844055466, "noise_1_lcml_var": 0.6138686002713735, "noise_1_lcmn_var": 0.6132589347533527}