{"cell_id": 578485753, "noise_1_base_var": 0.5683913070865133, "noise_1_ll_var": 0.5360658999801228, "noise_1_ln_var": 0.482131010636893, "noise_1_cl_var": 0.5638688257457649, "noise_1_cn_var": 0.6450598620023861, "noise_1_ml_var": 0.4254712591291873, "noise_1_mn_var": 0.43673297522598226, "noise_1_lcl_var": 0.5782402916805864, "noise_1_lcn_var": 0.5029553415728163, "noise_1_lml_var": 0.5554247516055411, "noise_1_lmn_var": 0.44707889457594424, "noise_1_cml_var": 0.6011918556241543, "noise_1_cmn_var": 0.31082773983564876, "noise_1_lcml_var": 0.6183142844126279, "noise_1_lcmn_var": 0.2980628015792021}