{"cell_id": 578774163, "noise_1_base_var": 0.6559557898677122, "noise_1_ll_var": 0.633469642689444, "noise_1_ln_var": 0.6174306491521316, "noise_1_cl_var": 0.5346898115914027, "noise_1_cn_var": 0.4507163223407644, "noise_1_ml_var": 0.3043203380960462, "noise_1_mn_var": 0.27183253570530963, "noise_1_lcl_var": 0.4644946869743326, "noise_1_lcn_var": 0.6301952033673007, "noise_1_lml_var": 0.4877694741346033, "noise_1_lmn_var": 0.6246557008778314, "noise_1_cml_var": 0.5076992962179167, "noise_1_cmn_var": 0.39036230486291107, "noise_1_lcml_var": 0.5412576018293345, "noise_1_lcmn_var": 0.5506970412399773}