{"cell_id": 579662957, "noise_1_base_var": 0.9519685054138137, "noise_1_ll_var": 0.3702470456872784, "noise_1_ln_var": 0.2100217472512053, "noise_1_cl_var": 0.6126386177876365, "noise_1_cn_var": 0.7779044939363271, "noise_1_ml_var": 0.31881969666513715, "noise_1_mn_var": 0.2554222541289035, "noise_1_lcl_var": 0.7720499528905869, "noise_1_lcn_var": 0.11727165045209872, "noise_1_lml_var": 0.2761605672310623, "noise_1_lmn_var": 0.23982660706929476, "noise_1_cml_var": 0.901587672524963, "noise_1_cmn_var": 0.18940489260179386, "noise_1_lcml_var": 0.9562663813027964, "noise_1_lcmn_var": 0.13845290884498312}