{"cell_id": 579626068, "noise_1_base_var": 0.7699992638153454, "noise_1_ll_var": 0.568443426129639, "noise_1_ln_var": 0.36659636268221996, "noise_1_cl_var": 0.47489875876521453, "noise_1_cn_var": 0.8994429024172658, "noise_1_ml_var": 0.4188544072925915, "noise_1_mn_var": 0.5256413978640019, "noise_1_lcl_var": 0.5682410599810571, "noise_1_lcn_var": 0.26733694751750364, "noise_1_lml_var": 0.47809857211425943, "noise_1_lmn_var": 0.5032878679694953, "noise_1_cml_var": 0.38247675080744925, "noise_1_cmn_var": 0.48540466590566, "noise_1_lcml_var": 0.38490988090120354, "noise_1_lcmn_var": 0.3923002029723756}