{"cell_id": 580005568, "noise_1_base_var": 0.7680320776021885, "noise_1_ll_var": 0.4998854563067261, "noise_1_ln_var": 0.6615772633231469, "noise_1_cl_var": 0.4104803222888377, "noise_1_cn_var": 0.4756719491317179, "noise_1_ml_var": 0.48246620289089376, "noise_1_mn_var": 0.5478875055518928, "noise_1_lcl_var": 0.5198470069744995, "noise_1_lcn_var": 0.746037817910678, "noise_1_lml_var": 0.42516521995467144, "noise_1_lmn_var": 0.527408471931538, "noise_1_cml_var": 0.4310868660798798, "noise_1_cmn_var": 0.5325897827503105, "noise_1_lcml_var": 0.5953028531050898, "noise_1_lcmn_var": 0.5830288959632237}