{"cell_id": 580007431, "noise_1_base_var": 0.580479005067986, "noise_1_ll_var": 0.6297897665565024, "noise_1_ln_var": 0.5041859164693492, "noise_1_cl_var": 0.500529526312551, "noise_1_cn_var": 0.6669786601741436, "noise_1_ml_var": 0.6708164381678274, "noise_1_mn_var": 0.4003630852493364, "noise_1_lcl_var": 0.5410331699027461, "noise_1_lcn_var": 0.513125845856955, "noise_1_lml_var": 0.5866963759262556, "noise_1_lmn_var": 0.39977375993454783, "noise_1_cml_var": 0.46679667329871544, "noise_1_cmn_var": 0.3676861381610808, "noise_1_lcml_var": 0.5978410277156615, "noise_1_lcmn_var": 0.5720302726700504}