{"cell_id": 580010290, "noise_1_base_var": 0.8106639847069231, "noise_1_ll_var": 0.34568184269130336, "noise_1_ln_var": 0.4875537665535261, "noise_1_cl_var": 0.6187296260483726, "noise_1_cn_var": 0.6797724886939762, "noise_1_ml_var": 0.7432319044464407, "noise_1_mn_var": 0.48225564778549673, "noise_1_lcl_var": 0.5553653764230537, "noise_1_lcn_var": 0.35866462461923804, "noise_1_lml_var": 0.6045086393392552, "noise_1_lmn_var": 0.40730219635473275, "noise_1_cml_var": 0.5102914452152062, "noise_1_cmn_var": 0.4128769377038236, "noise_1_lcml_var": 0.5311289542116909, "noise_1_lcmn_var": 0.5767704089048595}