{"cell_id": 580014328, "noise_1_base_var": 0.7513726219511252, "noise_1_ll_var": 0.5841044243187883, "noise_1_ln_var": 0.5192522721190138, "noise_1_cl_var": 0.6449305197046327, "noise_1_cn_var": 0.6888048807507074, "noise_1_ml_var": 0.6646182673285684, "noise_1_mn_var": 0.6928324035514086, "noise_1_lcl_var": 0.6595968915146379, "noise_1_lcn_var": 0.6546766025361669, "noise_1_lml_var": 0.6517659436600971, "noise_1_lmn_var": 0.687138628528841, "noise_1_cml_var": 0.6731265564284216, "noise_1_cmn_var": 0.6469306780505373, "noise_1_lcml_var": 0.6648311391538431, "noise_1_lcmn_var": 0.6111904736319334}