{"cell_id": 580161872, "noise_1_ll_var": 0.9208761877070025, "noise_1_ln_var": 0.37341462776385814, "noise_1_cl_var": 0.827237419904404, "noise_1_cn_var": 0.7351816604759583, "noise_1_ml_var": 0.9326398689118944, "noise_1_mn_var": 0.7440570171106845, "noise_1_lcl_var": 0.9337600322995634, "noise_1_lcn_var": 0.30790405352268924, "noise_1_lml_var": 0.940859189760295, "noise_1_lmn_var": 0.4034324205945829, "noise_1_cml_var": 0.762642249210181, "noise_1_cmn_var": 0.4277799622293275, "noise_1_lcml_var": 0.94852348185123, "noise_1_lcmn_var": 0.34411724564045776}