{"cell_id": 580145037, "noise_1_base_var": 0.9313289031344641, "noise_1_ll_var": 0.26087446513429063, "noise_1_ln_var": 0.5583998341837304, "noise_1_cl_var": 0.21902481284643324, "noise_1_cn_var": 0.7274619691323806, "noise_1_ml_var": 0.2652007145858919, "noise_1_mn_var": 0.4820812086686906, "noise_1_lcl_var": 0.23567082100327852, "noise_1_lcn_var": 0.7478061039206608, "noise_1_lml_var": 0.2378925561907131, "noise_1_lmn_var": 0.5949932262772483, "noise_1_cml_var": 0.25798424281728294, "noise_1_cmn_var": 0.6572106372818857, "noise_1_lcml_var": 0.2398106948563768, "noise_1_lcmn_var": 0.6998313030047307}