{"cell_id": 580162374, "noise_1_ll_var": 0.7965867032617577, "noise_1_ln_var": 0.6445639151308147, "noise_1_cl_var": 0.36405633673091237, "noise_1_cn_var": 0.5781842339827371, "noise_1_ml_var": 0.3875960505850816, "noise_1_mn_var": 0.4758102902607643, "noise_1_lcl_var": 0.4302210181690446, "noise_1_lcn_var": 0.7310138300135819, "noise_1_lml_var": 0.8823538644983986, "noise_1_lmn_var": 0.5341265965077266, "noise_1_cml_var": 0.7928112498120713, "noise_1_cmn_var": 0.4440112242255606, "noise_1_lcml_var": 0.8501438173881467, "noise_1_lcmn_var": 0.49073670486353443}