{"cell_id": 582644266, "noise_1_base_var": 0.7591642896528548, "noise_1_ll_var": 0.19361037187004715, "noise_1_ln_var": 0.20344850304234924, "noise_1_cl_var": 0.08052282093807353, "noise_1_cn_var": 0.11460087647884123, "noise_1_ml_var": 0.5076936036568399, "noise_1_mn_var": 0.3625637703462825, "noise_1_lcl_var": 0.45184732032953273, "noise_1_lcn_var": 0.19187429165469658, "noise_1_lml_var": 0.549436830158547, "noise_1_lmn_var": 0.37626716174617186, "noise_1_cml_var": 0.38831314471393125, "noise_1_cmn_var": 0.39679559270469156, "noise_1_lcml_var": 0.5552402390857772, "noise_1_lcmn_var": 0.3595371445532156}