{"cell_id": 582613001, "noise_1_base_var": 0.49108065595237516, "noise_1_ll_var": 0.014607858553785527, "noise_1_ln_var": 0.3815615769332363, "noise_1_cl_var": 0.0, "noise_1_cn_var": 0.0, "noise_1_ml_var": 0.0, "noise_1_mn_var": 0.14894086421283823, "noise_1_lcl_var": 0.013787143858232119, "noise_1_lcn_var": 0.18226894448948164, "noise_1_lml_var": 0.24112673649915264, "noise_1_lmn_var": 0.3560305252783167, "noise_1_cml_var": 0.0, "noise_1_cmn_var": 0.12186550257187095, "noise_1_lcml_var": 0.004318962540728504, "noise_1_lcmn_var": 0.21163807118517744}