{"cell_id": 582917630, "noise_1_base_var": 0.8084298372952853, "noise_1_ll_var": 0.8116931217914285, "noise_1_ln_var": 0.44133797702781025, "noise_1_cl_var": 0.3136534231070773, "noise_1_cn_var": 0.35896254624370655, "noise_1_ml_var": 0.7011271635074966, "noise_1_mn_var": 0.26179721078381313, "noise_1_lcl_var": 0.46286139676488536, "noise_1_lcn_var": 0.38973216607575917, "noise_1_lml_var": 0.6602241231396733, "noise_1_lmn_var": 0.3351742245841834, "noise_1_cml_var": 0.7562386080833026, "noise_1_cmn_var": 0.24735465463739723, "noise_1_lcml_var": 0.7144649500608169, "noise_1_lcmn_var": 0.6278520902847365}