{"cell_id": 583138230, "noise_1_base_var": 0.849285995771451, "noise_1_ll_var": 0.6997857818511831, "noise_1_ln_var": 0.7413728660450869, "noise_1_cl_var": 0.6445560513163531, "noise_1_cn_var": 0.6797912189011296, "noise_1_ml_var": 0.6178248423807976, "noise_1_mn_var": 0.8297881781761628, "noise_1_lcl_var": 0.7091437469469779, "noise_1_lcn_var": 0.858487213122366, "noise_1_lml_var": 0.631956901832762, "noise_1_lmn_var": 0.7688227372264723, "noise_1_cml_var": 0.6499894931805118, "noise_1_cmn_var": 0.8735595242725669, "noise_1_lcml_var": 0.6269043471764628, "noise_1_lcmn_var": 0.6720480358628396}