{"cell_id": 583138568, "noise_1_base_var": 0.7507978659346273, "noise_1_ll_var": 0.5877821433498129, "noise_1_ln_var": 0.7148662723548265, "noise_1_cl_var": 0.8198650477244214, "noise_1_cn_var": 0.7245870498935253, "noise_1_ml_var": 0.5819126743114222, "noise_1_mn_var": 0.6203466606479403, "noise_1_lcl_var": 0.6080381591415923, "noise_1_lcn_var": 0.711335834359646, "noise_1_lml_var": 0.581832251532339, "noise_1_lmn_var": 0.6444133841696059, "noise_1_cml_var": 0.7799889579129501, "noise_1_cmn_var": 0.6325278353960617, "noise_1_lcml_var": 0.5868940803687908, "noise_1_lcmn_var": 0.6660328174381929}