{"cell_id": 583146274, "noise_1_base_var": 0.6823449738038183, "noise_1_ll_var": 0.08049077991829527, "noise_1_ln_var": 0.08551037130874937, "noise_1_cl_var": 0.0, "noise_1_cn_var": 0.0, "noise_1_ml_var": 0.14349155517372847, "noise_1_mn_var": 0.2756878764967788, "noise_1_lcl_var": 0.083086835561133, "noise_1_lcn_var": 0.0903823041306429, "noise_1_lml_var": 0.15714611547203808, "noise_1_lmn_var": 0.5610309244591998, "noise_1_cml_var": 0.28889160270024294, "noise_1_cmn_var": 0.2502356520801599, "noise_1_lcml_var": 0.36772680844264843, "noise_1_lcmn_var": 0.5261464522952415}