{"cell_id": 583434059, "noise_1_ll_var": 0.8176304771226518, "noise_1_ln_var": 0.7643545450279062, "noise_1_cl_var": 0.6223717649450885, "noise_1_cn_var": 0.5383277743599506, "noise_1_ml_var": 0.5433904516155456, "noise_1_mn_var": 0.6381735557518122, "noise_1_lcl_var": 0.48897597721647507, "noise_1_lcn_var": 0.9033783725144127, "noise_1_lml_var": 0.8274270760406289, "noise_1_lmn_var": 0.5595163354959601, "noise_1_cml_var": 0.9095109878842766, "noise_1_cmn_var": 0.5317463559006095, "noise_1_lcml_var": 0.8488571096780444, "noise_1_lcmn_var": 0.6129735048425716}