{"cell_id": 584231995, "noise_1_ll_var": 0.06585376611859131, "noise_1_ln_var": 0.06989007876011512, "noise_1_cl_var": 0.27703362227004735, "noise_1_cn_var": 0.0, "noise_1_ml_var": 0.12997041316907032, "noise_1_mn_var": 0.07343066062063001, "noise_1_lcl_var": 0.07304373597927741, "noise_1_lcn_var": 0.07101343355833423, "noise_1_lml_var": 0.10498761947622265, "noise_1_lmn_var": 0.1636483257779941, "noise_1_cml_var": 0.34809738449355343, "noise_1_cmn_var": 0.15443764814459257, "noise_1_lcml_var": 0.2738887349152577, "noise_1_lcmn_var": 0.16465972446898725}