{"cell_id": 584682764, "noise_1_ll_var": 0.6542624594733321, "noise_1_ln_var": 0.6254933417429335, "noise_1_cl_var": 0.5645726504208008, "noise_1_cn_var": 0.5749848576418041, "noise_1_ml_var": 0.5117655759594114, "noise_1_mn_var": 0.7015001484510813, "noise_1_lcl_var": 0.5877756879915995, "noise_1_lcn_var": 0.6059605811330746, "noise_1_lml_var": 0.6939866907171194, "noise_1_lmn_var": 0.7570679934267138, "noise_1_cml_var": 0.4487910346234963, "noise_1_cmn_var": 0.7120146085191604, "noise_1_lcml_var": 0.5035021111953775, "noise_1_lcmn_var": 0.7214480384688596}