{"cell_id": 584872371, "noise_1_base_var": 0.7361749091420328, "noise_1_ll_var": 0.13790448639132874, "noise_1_ln_var": 0.06320717679028183, "noise_1_cl_var": 0.12359041024673284, "noise_1_cn_var": 0.199084551691316, "noise_1_ml_var": 0.22151206891727074, "noise_1_mn_var": 0.21473925601675184, "noise_1_lcl_var": 0.3255362481009221, "noise_1_lcn_var": 0.11343871365131769, "noise_1_lml_var": 0.44494015773688306, "noise_1_lmn_var": 0.2875753627262217, "noise_1_cml_var": 0.6290103983351205, "noise_1_cmn_var": 0.2529983288941342, "noise_1_lcml_var": 0.6637373414767241, "noise_1_lcmn_var": 0.33810492675610915}