{"cell_id": 585841870, "noise_1_ll_var": 0.33230133991768485, "noise_1_ln_var": 0.9220263812141894, "noise_1_cl_var": 0.4750585512288925, "noise_1_cn_var": 0.8646800740482354, "noise_1_ml_var": 0.35950255943335685, "noise_1_mn_var": 0.5373677127827615, "noise_1_lcl_var": 0.3374360721256991, "noise_1_lcn_var": 0.11740558709104722, "noise_1_lml_var": 0.2933477919066347, "noise_1_lmn_var": 0.7230232838027033, "noise_1_cml_var": 0.3826690676614071, "noise_1_cmn_var": 0.7867503634320157, "noise_1_lcml_var": 0.32924459565746955, "noise_1_lcmn_var": 0.8772979859313231}