{"cell_id": 585830272, "noise_1_ll_var": 0.12335343040171659, "noise_1_ln_var": 0.11398421762949774, "noise_1_cl_var": 0.17711486021936848, "noise_1_cn_var": 0.2166931292616235, "noise_1_ml_var": 0.1681833595837817, "noise_1_mn_var": 0.3272609382080736, "noise_1_lcl_var": 0.13241091472849756, "noise_1_lcn_var": 0.16483880719131752, "noise_1_lml_var": 0.1526718813964134, "noise_1_lmn_var": 0.18755097095694068, "noise_1_cml_var": 0.17585286403540895, "noise_1_cmn_var": 0.3583454239677079, "noise_1_lcml_var": 0.12243730219517325, "noise_1_lcmn_var": 0.19028876464907574}