{"cell_id": 585832440, "noise_1_base_var": 0.937858711984597, "noise_1_ll_var": 0.3142467429393466, "noise_1_ln_var": 0.7994828505774172, "noise_1_cl_var": 0.3866132620506001, "noise_1_cn_var": 0.7207389076047181, "noise_1_ml_var": 0.3355086304075103, "noise_1_mn_var": 0.5682403281436699, "noise_1_lcl_var": 0.30837380142476317, "noise_1_lcn_var": 0.7484173353770387, "noise_1_lml_var": 0.31168654740292445, "noise_1_lmn_var": 0.7359970830827358, "noise_1_cml_var": 0.35283090697977154, "noise_1_cmn_var": 0.5908656688620532, "noise_1_lcml_var": 0.3092760477429278, "noise_1_lcmn_var": 0.6152094142193478}