{"cell_id": 585805211, "noise_1_base_var": 0.9300835281816597, "noise_1_ll_var": 0.3254891117491307, "noise_1_ln_var": 0.9089439764882008, "noise_1_cl_var": 0.35168045605503895, "noise_1_cn_var": 0.837258764011439, "noise_1_ml_var": 0.29545123713893967, "noise_1_mn_var": 0.5697997327704379, "noise_1_lcl_var": 0.3334102414752862, "noise_1_lcn_var": 0.5182349881752442, "noise_1_lml_var": 0.2868400141192746, "noise_1_lmn_var": 0.6876017751798411, "noise_1_cml_var": 0.3014342143971902, "noise_1_cmn_var": 0.6803902552541756, "noise_1_lcml_var": 0.29691414796267357, "noise_1_lcmn_var": 0.7706482500540858}