{"cell_id": 585951863, "noise_1_base_var": 0.8771825267073294, "noise_1_ll_var": 0.12022121878493844, "noise_1_ln_var": 0.05807978951731863, "noise_1_cl_var": 0.1054942234059012, "noise_1_cn_var": 0.5680341205589372, "noise_1_ml_var": 0.22613978841472362, "noise_1_mn_var": 0.780099740649949, "noise_1_lcl_var": 0.11939535917287261, "noise_1_lcn_var": 0.429275221438944, "noise_1_lml_var": 0.14551102093116264, "noise_1_lmn_var": 0.5025669636570077, "noise_1_cml_var": 0.285706840902077, "noise_1_cmn_var": 0.9136509991693212, "noise_1_lcml_var": 0.21034232317443055, "noise_1_lcmn_var": 0.9023980066830808}