{"cell_id": 585952606, "noise_1_base_var": 0.9122573975695395, "noise_1_ll_var": 0.17728203886018398, "noise_1_ln_var": 0.35508010539585355, "noise_1_cl_var": 0.3287964466586838, "noise_1_cn_var": 0.6189968286205184, "noise_1_ml_var": 0.4100110213038941, "noise_1_mn_var": 0.646633490701628, "noise_1_lcl_var": 0.21457799081636664, "noise_1_lcn_var": 0.4956925555440794, "noise_1_lml_var": 0.2992481360085755, "noise_1_lmn_var": 0.6718668430625692, "noise_1_cml_var": 0.4766111565774267, "noise_1_cmn_var": 0.6681394542999137, "noise_1_lcml_var": 0.3374919168503871, "noise_1_lcmn_var": 0.6629742194469089}