{"cell_id": 585947309, "noise_1_base_var": 0.9492306492535151, "noise_1_ll_var": 0.27511361696520664, "noise_1_ln_var": 0.7137477779522193, "noise_1_cl_var": 0.39998799297404924, "noise_1_cn_var": 0.6913081750777265, "noise_1_ml_var": 0.49359159931423036, "noise_1_mn_var": 0.7138568056228161, "noise_1_lcl_var": 0.2894505652214161, "noise_1_lcn_var": 0.6997663649492519, "noise_1_lml_var": 0.3663623234755765, "noise_1_lmn_var": 0.7732881169789851, "noise_1_cml_var": 0.534840499354104, "noise_1_cmn_var": 0.7022384307396131, "noise_1_lcml_var": 0.36802879236012176, "noise_1_lcmn_var": 0.8414536403404675}