{"cell_id": 585925172, "noise_1_ll_var": 0.17807010099068504, "noise_1_ln_var": 0.28207113436957704, "noise_1_cl_var": 0.146422065028479, "noise_1_cn_var": 0.17307137260835323, "noise_1_ml_var": 0.3289896139587424, "noise_1_mn_var": 0.5114310931564099, "noise_1_lcl_var": 0.2102846471946105, "noise_1_lcn_var": 0.3579680551704288, "noise_1_lml_var": 0.28216208992967834, "noise_1_lmn_var": 0.607405814750885, "noise_1_cml_var": 0.26935682454500703, "noise_1_cmn_var": 0.6661773876670518, "noise_1_lcml_var": 0.2949464949071881, "noise_1_lcmn_var": 0.6206797045985248}