{"cell_id": 585944237, "noise_1_base_var": 0.7925302323280996, "noise_1_ll_var": 0.7330540052941505, "noise_1_ln_var": 0.797724547912874, "noise_1_cl_var": 0.6990130640334458, "noise_1_cn_var": 0.6853262861844903, "noise_1_ml_var": 0.45905373000264643, "noise_1_mn_var": 0.6306692146336099, "noise_1_lcl_var": 0.7108402467764072, "noise_1_lcn_var": 0.7581621380207983, "noise_1_lml_var": 0.7103041058665274, "noise_1_lmn_var": 0.6568213327634098, "noise_1_cml_var": 0.43888821124234645, "noise_1_cmn_var": 0.6478210905230922, "noise_1_lcml_var": 0.7468702927838337, "noise_1_lcmn_var": 0.6919158396564851}