{"cell_id": 586073850, "noise_1_base_var": 0.9435311756099664, "noise_1_ll_var": 0.35732506258789964, "noise_1_ln_var": 0.7999083778776453, "noise_1_cl_var": 0.36896312650768537, "noise_1_cn_var": 0.7526551806115279, "noise_1_ml_var": 0.42627458014539954, "noise_1_mn_var": 0.7630627797703152, "noise_1_lcl_var": 0.3324889243760533, "noise_1_lcn_var": 0.9203515874309585, "noise_1_lml_var": 0.38017213206237266, "noise_1_lmn_var": 0.8124056549049338, "noise_1_cml_var": 0.44318667811149043, "noise_1_cmn_var": 0.9247888230096032, "noise_1_lcml_var": 0.3762122706880684, "noise_1_lcmn_var": 0.8919972769302322}