{"cell_id": 586072783, "noise_1_base_var": 0.7888617728449423, "noise_1_ll_var": 0.6935989841985021, "noise_1_ln_var": 0.7938138672058322, "noise_1_cl_var": 0.5055321621606962, "noise_1_cn_var": 0.8217574226316687, "noise_1_ml_var": 0.6355105851039331, "noise_1_mn_var": 0.5953452998425125, "noise_1_lcl_var": 0.6872870493556807, "noise_1_lcn_var": 0.7310491044937019, "noise_1_lml_var": 0.4982289505566773, "noise_1_lmn_var": 0.6792502793648986, "noise_1_cml_var": 0.3870918971872204, "noise_1_cmn_var": 0.6747541363701337, "noise_1_lcml_var": 0.5466836112372151, "noise_1_lcmn_var": 0.6790682101147415}