{"cell_id": 586072464, "noise_1_base_var": 0.7307732669957663, "noise_1_ll_var": 0.7178921028967771, "noise_1_ln_var": 0.7283347476869743, "noise_1_cl_var": 0.7805761566146344, "noise_1_cn_var": 0.6174152308514824, "noise_1_ml_var": 0.46538852101337275, "noise_1_mn_var": 0.5125961364728706, "noise_1_lcl_var": 0.6819015279337145, "noise_1_lcn_var": 0.38929077004300666, "noise_1_lml_var": 0.7260501777943423, "noise_1_lmn_var": 0.5811196570249298, "noise_1_cml_var": 0.6991661637658785, "noise_1_cmn_var": 0.5011951342998602, "noise_1_lcml_var": 0.7104243114556786, "noise_1_lcmn_var": 0.4511221306006723}