{"cell_id": 586073683, "noise_1_ll_var": 0.3731722232336763, "noise_1_ln_var": 0.7195977827404466, "noise_1_cl_var": 0.5100206300274576, "noise_1_cn_var": 0.2575825994402033, "noise_1_ml_var": 0.43764952052453493, "noise_1_mn_var": 0.5794544026058467, "noise_1_lcl_var": 0.3977265260555518, "noise_1_lcn_var": 0.7887268458242592, "noise_1_lml_var": 0.7739622769837141, "noise_1_lmn_var": 0.604480588037049, "noise_1_cml_var": 0.45125185880105534, "noise_1_cmn_var": 0.7289992234839562, "noise_1_lcml_var": 0.3980020439524683, "noise_1_lcmn_var": 0.6650004818518301}