{"cell_id": 586071425, "noise_1_base_var": 0.7652363599097401, "noise_1_ll_var": 0.5311490464488464, "noise_1_ln_var": 0.02921046918441428, "noise_1_cl_var": 0.3407467029673859, "noise_1_cn_var": 0.5550432608774081, "noise_1_ml_var": 0.5150273267803445, "noise_1_mn_var": 0.7507292049458409, "noise_1_lcl_var": 0.47272936819641803, "noise_1_lcn_var": 0.7530025572712923, "noise_1_lml_var": 0.5867313241692089, "noise_1_lmn_var": 0.7870330055097507, "noise_1_cml_var": 0.47275154924724694, "noise_1_cmn_var": 0.8254613333061265, "noise_1_lcml_var": 0.6115085954510644, "noise_1_lcmn_var": 0.7376156927571436}