{"cell_id": 586072188, "noise_1_base_var": 0.7890927831811707, "noise_1_ll_var": 0.33247995357584553, "noise_1_ln_var": 0.5943193787776918, "noise_1_cl_var": 0.23889300568522542, "noise_1_cn_var": 0.2697025612858895, "noise_1_ml_var": 0.5228318102653352, "noise_1_mn_var": 0.39576740355102347, "noise_1_lcl_var": 0.35316823341904974, "noise_1_lcn_var": 0.5887450393423556, "noise_1_lml_var": 0.30633326509692366, "noise_1_lmn_var": 0.5753987435375149, "noise_1_cml_var": 0.29838087535550395, "noise_1_cmn_var": 0.4556497616658716, "noise_1_lcml_var": 0.30009245989749384, "noise_1_lcmn_var": 0.550688529337367}