{"cell_id": 586559181, "noise_1_base_var": 0.6321627866913152, "noise_1_ll_var": 0.0, "noise_1_ln_var": 0.0, "noise_1_cl_var": 0.30125261902346434, "noise_1_cn_var": 0.10835886010094825, "noise_1_ml_var": 0.2905128907716957, "noise_1_mn_var": 0.20528025655214724, "noise_1_lcl_var": 0.0, "noise_1_lcn_var": 0.0, "noise_1_lml_var": 0.12622600680717413, "noise_1_lmn_var": 0.19738966547668868, "noise_1_cml_var": 0.20740724299212648, "noise_1_cmn_var": 0.20677404420601408, "noise_1_lcml_var": 0.6378557378385472, "noise_1_lcmn_var": 0.2384894809245758}