{"cell_id": 586566174, "noise_1_base_var": 0.37532935896232394, "noise_1_ll_var": 0.3414099020500678, "noise_1_ln_var": 0.33249270950529847, "noise_1_cl_var": 0.16955640667886115, "noise_1_cn_var": 0.28291641063579503, "noise_1_ml_var": 0.4813997808224056, "noise_1_mn_var": 0.19447818870690758, "noise_1_lcl_var": 0.15610933592674534, "noise_1_lcn_var": 0.2870756655083165, "noise_1_lml_var": 0.4898449117631019, "noise_1_lmn_var": 0.22118430897977878, "noise_1_cml_var": 0.5434370313222396, "noise_1_cmn_var": 0.24602743498675309, "noise_1_lcml_var": 0.4275649919666636, "noise_1_lcmn_var": 0.1620585400766699}