{"cell_id": 587045566, "noise_1_ll_var": 0.4934989012146363, "noise_1_ln_var": 0.728971581736689, "noise_1_cl_var": 0.5135503976370978, "noise_1_cn_var": 0.6482499983518668, "noise_1_ml_var": 0.4731700525879273, "noise_1_mn_var": 0.6442453655794038, "noise_1_lcl_var": 0.4983855113792195, "noise_1_lcn_var": 0.7261685323553189, "noise_1_lml_var": 0.4936919683214024, "noise_1_lmn_var": 0.7962032758398719, "noise_1_cml_var": 0.4429992639066864, "noise_1_cmn_var": 0.5204638263596787, "noise_1_lcml_var": 0.44296598113751384, "noise_1_lcmn_var": 0.7661226592645201}