{"cell_id": 588402092, "noise_1_ll_var": 0.0, "noise_1_ln_var": 0.0, "noise_1_cl_var": 0.0, "noise_1_cn_var": 0.0, "noise_1_ml_var": 0.30444645912968077, "noise_1_mn_var": 0.3977448405152826, "noise_1_lcl_var": 0.0, "noise_1_lcn_var": 0.0, "noise_1_lml_var": 0.0, "noise_1_lmn_var": 0.0, "noise_1_cml_var": 0.27973778098697183, "noise_1_cmn_var": 0.4232405649299245, "noise_1_lcml_var": 0.0, "noise_1_lcmn_var": 0.0}