{"cell_id": 588712191, "noise_1_ll_var": 0.4612412785640524, "noise_1_ln_var": 0.4647260362890859, "noise_1_cl_var": 0.5067519412588203, "noise_1_cn_var": 0.45279523343183403, "noise_1_ml_var": 0.0, "noise_1_mn_var": 0.4558655165328308, "noise_1_lcl_var": 0.6245976789345555, "noise_1_lcn_var": 0.4300228213524959, "noise_1_lml_var": 0.0, "noise_1_lmn_var": 0.4622136743302107, "noise_1_cml_var": -0.002725757013240921, "noise_1_cmn_var": 0.45712769014382215, "noise_1_lcml_var": 0.0, "noise_1_lcmn_var": 0.43400461689960246}