{"cell_id": 589128331, "noise_1_ll_var": 0.22762919167512874, "noise_1_ln_var": 0.4132177440746258, "noise_1_cl_var": 0.5004712913670963, "noise_1_cn_var": 0.36600668886583915, "noise_1_ml_var": 0.6101224002843761, "noise_1_mn_var": 0.3501655183508206, "noise_1_lcl_var": 0.5891520186568343, "noise_1_lcn_var": 0.3246381102873754, "noise_1_lml_var": 0.29904872886639255, "noise_1_lmn_var": 0.43180734753502126, "noise_1_cml_var": 0.5756401483733661, "noise_1_cmn_var": 0.37422896661098387, "noise_1_lcml_var": 0.27317199322423596, "noise_1_lcmn_var": 0.49014072597618097}