{"cell_id": 589427435, "noise_1_base_var": 0.46694249528969867, "noise_1_ll_var": 0.33344641945866327, "noise_1_ln_var": 0.37414368751745763, "noise_1_cl_var": 0.3572541276691673, "noise_1_cn_var": 0.359599847346958, "noise_1_ml_var": 0.6415407762464872, "noise_1_mn_var": 0.3674115103666297, "noise_1_lcl_var": 0.3605332557273948, "noise_1_lcn_var": 0.32993022604767286, "noise_1_lml_var": 0.4633498601544965, "noise_1_lmn_var": 0.3761901173439618, "noise_1_cml_var": 0.43663556521450037, "noise_1_cmn_var": 0.34303551043974234, "noise_1_lcml_var": 0.5238283253167175, "noise_1_lcmn_var": 0.4696427988553465}