{"cell_id": 589442285, "noise_1_base_var": 0.45854091586694073, "noise_1_ll_var": 0.2412874543729622, "noise_1_ln_var": 0.0, "noise_1_cl_var": 0.0, "noise_1_cn_var": 0.24779724780054294, "noise_1_ml_var": 0.27958253177468717, "noise_1_mn_var": 0.0, "noise_1_lcl_var": 0.0, "noise_1_lcn_var": 0.0, "noise_1_lml_var": 0.2602920784032053, "noise_1_lmn_var": 0.0, "noise_1_cml_var": 0.3568736586022633, "noise_1_cmn_var": 0.0, "noise_1_lcml_var": 0.2663891854546491, "noise_1_lcmn_var": 0.0}