{"cell_id": 589760138, "noise_1_base_var": 0.5334927566099359, "noise_1_ll_var": 0.13390506996339338, "noise_1_ln_var": 0.0, "noise_1_cl_var": 0.18509553431775513, "noise_1_cn_var": 0.23988584181508915, "noise_1_ml_var": 0.08995433954822782, "noise_1_mn_var": 0.17788035282065576, "noise_1_lcl_var": 0.0, "noise_1_lcn_var": 0.13728777069771775, "noise_1_lml_var": 0.0, "noise_1_lmn_var": 0.31666126957778556, "noise_1_cml_var": 0.30686470510940533, "noise_1_cmn_var": 0.11966307738992256, "noise_1_lcml_var": 0.0, "noise_1_lcmn_var": 0.4505781332562356}