{"cell_id": 590558808, "noise_1_base_var": 0.9750544717372049, "noise_1_ll_var": 0.6684066255911452, "noise_1_ln_var": 0.5793882508677609, "noise_1_cl_var": 0.3135516988823636, "noise_1_cn_var": 0.7190343827518031, "noise_1_ml_var": 0.9052339967338187, "noise_1_mn_var": 0.5420618176808496, "noise_1_lcl_var": 0.3990580511718445, "noise_1_lcn_var": 0.1907330170169577, "noise_1_lml_var": 0.9231427960913939, "noise_1_lmn_var": 0.4357689421496882, "noise_1_cml_var": 0.5783174967759277, "noise_1_cmn_var": 0.33435835364111227, "noise_1_lcml_var": 0.7743780678417811, "noise_1_lcmn_var": 0.5658644674813573}