{"cell_id": 591278744, "noise_1_ll_var": 0.8263616875142341, "noise_1_ln_var": 0.6912230232587945, "noise_1_cl_var": 0.3396055052262975, "noise_1_cn_var": 0.7658614820488332, "noise_1_ml_var": 0.6192779303658082, "noise_1_mn_var": 0.7657784649890615, "noise_1_lcl_var": 0.5421853672161756, "noise_1_lcn_var": 0.8500931177387049, "noise_1_lml_var": 0.8287546762455503, "noise_1_lmn_var": 0.5953533636960671, "noise_1_cml_var": 0.587440799339731, "noise_1_cmn_var": 0.6065899810067842, "noise_1_lcml_var": 0.5695768344414577, "noise_1_lcmn_var": 0.5495576036068128}