{"cell_id": 592952680, "noise_1_ll_var": 0.5467860013758984, "noise_1_ln_var": 0.42370932508139675, "noise_1_cl_var": 0.09454563325770972, "noise_1_cn_var": 0.00906643265262288, "noise_1_ml_var": 0.4098550176506252, "noise_1_mn_var": 0.49916040322986327, "noise_1_lcl_var": 0.15380571789199288, "noise_1_lcn_var": 0.10470178892564729, "noise_1_lml_var": 0.3658466792087868, "noise_1_lmn_var": 0.39461685534605256, "noise_1_cml_var": 0.24295729055042603, "noise_1_cmn_var": 0.40029525493555407, "noise_1_lcml_var": 0.4601523989314247, "noise_1_lcmn_var": 0.41890370408870786}