{"cell_id": 593321019, "noise_1_ll_var": 0.2737611277645354, "noise_1_ln_var": 0.17637566962031792, "noise_1_cl_var": 0.31925837347060615, "noise_1_cn_var": 0.5908172397633914, "noise_1_ml_var": 0.5797685198553609, "noise_1_mn_var": 0.5739164635122848, "noise_1_lcl_var": 0.2246514503030796, "noise_1_lcn_var": 0.3289807631821959, "noise_1_lml_var": 0.3808984468122473, "noise_1_lmn_var": 0.4328762980815679, "noise_1_cml_var": 0.7593607155718374, "noise_1_cmn_var": 0.5744510717842862, "noise_1_lcml_var": 0.4417129226184526, "noise_1_lcmn_var": 0.5826189307425383}