{"cell_id": 594091004, "noise_1_base_var": 0.8537647211918185, "noise_1_ll_var": 0.41641762146754735, "noise_1_ln_var": 0.6132601979233129, "noise_1_cl_var": 0.6567507317773335, "noise_1_cn_var": 0.7998803560873041, "noise_1_ml_var": 0.446555893416996, "noise_1_mn_var": 0.6169133813476692, "noise_1_lcl_var": 0.4728924833467895, "noise_1_lcn_var": 0.6356829422584968, "noise_1_lml_var": 0.7462627354837693, "noise_1_lmn_var": 0.6129226769433085, "noise_1_cml_var": 0.5083489263539933, "noise_1_cmn_var": 0.6184838730278723, "noise_1_lcml_var": 0.4719031546870098, "noise_1_lcmn_var": 0.8651430675515557}