{"cell_id": 598628992, "noise_1_ll_var": 0.5895370652398083, "noise_1_ln_var": 0.6608859717815125, "noise_1_cl_var": 0.7131357558436788, "noise_1_cn_var": 0.6359590219700432, "noise_1_ml_var": 0.6473877567022533, "noise_1_mn_var": 0.4778377221029135, "noise_1_lcl_var": 0.7066834379548763, "noise_1_lcn_var": 0.6507971909050323, "noise_1_lml_var": 0.5191295249396598, "noise_1_lmn_var": 0.6112574007721072, "noise_1_cml_var": 0.6183066331075197, "noise_1_cmn_var": 0.5312443066918773, "noise_1_lcml_var": 0.566142713906919, "noise_1_lcmn_var": 0.6092674772761504}