{"cell_id": 603423462, "noise_1_ll_var": 0.518902503262477, "noise_1_ln_var": 0.6861056884743656, "noise_1_cl_var": 0.6246244090508183, "noise_1_cn_var": 0.5967532469875656, "noise_1_ml_var": 0.4651597448347597, "noise_1_mn_var": 0.4838662839082108, "noise_1_lcl_var": 0.5753266348323074, "noise_1_lcn_var": 0.4784299245435172, "noise_1_lml_var": 0.5510186114786033, "noise_1_lmn_var": 0.41163661516227734, "noise_1_cml_var": 0.474570587234941, "noise_1_cmn_var": 0.49543757429908647, "noise_1_lcml_var": 0.4982212774115855, "noise_1_lcmn_var": 0.5976606900335938}