{"cell_id": 605660220, "noise_1_base_var": 0.4757091278109511, "noise_1_ll_var": 0.0, "noise_1_ln_var": 0.0, "noise_1_cl_var": 0.0, "noise_1_cn_var": 0.0, "noise_1_ml_var": 0.21216433678386293, "noise_1_mn_var": 0.04408800682321809, "noise_1_lcl_var": 0.0, "noise_1_lcn_var": 0.0, "noise_1_lml_var": 0.04913871035921715, "noise_1_lmn_var": 0.1792941276461441, "noise_1_cml_var": 0.0, "noise_1_cmn_var": 0.0, "noise_1_lcml_var": 0.03749955749571576, "noise_1_lcmn_var": 0.042147393375251}