{"cell_id": 609435731, "noise_1_base_var": 0.9508673741773964, "noise_1_ll_var": 0.30568745637181766, "noise_1_ln_var": 0.9115299556611247, "noise_1_cl_var": 0.4468411744257897, "noise_1_cn_var": 0.8092093472103163, "noise_1_ml_var": 0.6142494590342035, "noise_1_mn_var": 0.6450891011074286, "noise_1_lcl_var": 0.31058173981029646, "noise_1_lcn_var": 0.9006335442467396, "noise_1_lml_var": 0.4387410017952263, "noise_1_lmn_var": 0.7631775987982929, "noise_1_cml_var": 0.6594862953173867, "noise_1_cmn_var": 0.6813511212487406, "noise_1_lcml_var": 0.4489568974999268, "noise_1_lcmn_var": 0.7623143291846467}