{"cell_id": 614777438, "noise_1_base_var": 0.9778031581771638, "noise_1_ll_var": 0.5051294677642073, "noise_1_ln_var": 0.8925292838174685, "noise_1_cl_var": 0.7604313752863523, "noise_1_cn_var": 0.758903240526565, "noise_1_ml_var": 0.6144822138254327, "noise_1_mn_var": 0.6938136676978787, "noise_1_lcl_var": 0.7618648895963382, "noise_1_lcn_var": 0.501150279720414, "noise_1_lml_var": 0.5511107096262934, "noise_1_lmn_var": 0.8088380206192496, "noise_1_cml_var": 0.8288014003070785, "noise_1_cmn_var": 0.7115275527807655, "noise_1_lcml_var": 0.8477598425065862, "noise_1_lcmn_var": 0.6319120140908021}