{"cell_id": 614767057, "noise_1_base_var": 0.9276169059189477, "noise_1_ll_var": 0.3931375699186245, "noise_1_ln_var": 0.725850773204668, "noise_1_cl_var": 0.8754838503396766, "noise_1_cn_var": 0.7729501154374311, "noise_1_ml_var": 0.3523598527096392, "noise_1_mn_var": 0.34512200709341656, "noise_1_lcl_var": 0.8666662413770415, "noise_1_lcn_var": 0.31025502080933215, "noise_1_lml_var": 0.3354576583816847, "noise_1_lmn_var": 0.5855687803360415, "noise_1_cml_var": 0.8674425331956426, "noise_1_cmn_var": 0.46376856022389407, "noise_1_lcml_var": 0.8831456939984681, "noise_1_lcmn_var": 0.4222732408862296}