{"cell_id": 313862167, "noise_1_base_var": 0.917555135354144, "noise_1_mlp0_var": 0.897868411668746, "noise_1_mlp1_var": 0.8699629912907154, "noise_1_mlp2_var": 0.8226188814481346, "noise_1_mlp3_var": 0.8228759126424944, "noise_1_mlp4_var": 0.7871244140410556}