{"cell_id": 313862373, "noise_1_mlp0_var": 0.48339868446598766, "noise_1_mlp1_var": 0.6064116036961108, "noise_1_mlp2_var": 0.45159221953694, "noise_1_mlp3_var": 0.4008445186638442, "noise_1_mlp4_var": 0.5433984869273566}