{"cell_id": 313862022, "noise_1_mlp0_var": 0.7190147064661438, "noise_1_mlp1_var": 0.0, "noise_1_mlp2_var": 0.0906795951031243, "noise_1_mlp3_var": 0.0, "noise_1_mlp4_var": 0.7578923830074422}