{"cell_id": 314642645, "noise_1_base_var": 0.6923791432202328, "noise_1_mlp0_var": 0.7104140661341276, "noise_1_mlp1_var": 0.7059952911158772, "noise_1_mlp2_var": 0.5665518698064234, "noise_1_mlp3_var": 0.7134989687901372, "noise_1_mlp4_var": 0.6414801644952017}