{"cell_id": 314804042, "noise_1_mlp0_var": 0.26943015104066137, "noise_1_mlp1_var": 0.28957580478621625, "noise_1_mlp2_var": 0.0, "noise_1_mlp3_var": 0.2915254453124169, "noise_1_mlp4_var": 0.26113303990624365}