{"cell_id": 314822529, "noise_1_base_var": 0.687588930455365, "noise_1_mlp0_var": 0.673015722259758, "noise_1_mlp1_var": 0.5801616961754399, "noise_1_mlp2_var": 0.5670206827115604, "noise_1_mlp3_var": 0.6392217087288206, "noise_1_mlp4_var": 0.5461540566840744}