{"cell_id": 314900022, "noise_1_base_var": 0.5345277347095893, "noise_1_mlp0_var": 0.42320313187439607, "noise_1_mlp1_var": 0.5124826159755592, "noise_1_mlp2_var": 0.5835928657577839, "noise_1_mlp3_var": 0.5567824366298956, "noise_1_mlp4_var": 0.3620671455727735}