{"cell_id": 318733871, "noise_1_base_var": 0.623244844866648, "noise_1_mlp0_var": 0.3784078224732814, "noise_1_mlp1_var": 0.622327639685369, "noise_1_mlp2_var": 0.5442778875924752, "noise_1_mlp3_var": 0.5685913932596923, "noise_1_mlp4_var": 0.6513365810659532}