{"cell_id": 318808427, "noise_1_base_var": 0.737719008738467, "noise_1_mlp0_var": 0.5015169793630109, "noise_1_mlp1_var": 0.5490053585484171, "noise_1_mlp2_var": 0.6147716244621939, "noise_1_mlp3_var": 0.6146300480456792, "noise_1_mlp4_var": 0.5873560166101243}