{"cell_id": 320207387, "noise_1_base_var": 0.8718796629501747, "noise_1_mlp0_var": 0.5973951871295048, "noise_1_mlp1_var": 0.41115670223690653, "noise_1_mlp2_var": 0.44374484211708454, "noise_1_mlp3_var": 0.4343061581921819, "noise_1_mlp4_var": 0.4600767783702074}