{"cell_id": 321708130, "noise_1_mlp0_var": 0.8813515331756104, "noise_1_mlp1_var": 0.9068543357848343, "noise_1_mlp2_var": 0.9215277452654876, "noise_1_mlp3_var": 0.9101182238800052, "noise_1_mlp4_var": 0.8356954364232035}