{"cell_id": 321906005, "noise_1_mlp0_var": 0.5171942720971497, "noise_1_mlp1_var": 0.4784101973093969, "noise_1_mlp2_var": 0.5953036756362097, "noise_1_mlp3_var": 0.28932773068601825, "noise_1_mlp4_var": 0.5444356538281063}