{"cell_id": 323452245, "noise_1_base_var": 0.7821606259113084, "noise_1_mlp0_var": 0.30126859152714497, "noise_1_mlp1_var": 0.5721286482821295, "noise_1_mlp2_var": 0.48980811089858567, "noise_1_mlp3_var": 0.6110653790873473, "noise_1_mlp4_var": 0.11835953293498405}