{"cell_id": 323452196, "noise_1_mlp0_var": 0.4130359880211198, "noise_1_mlp1_var": 0.5941167854528284, "noise_1_mlp2_var": 0.41302864005890877, "noise_1_mlp3_var": 0.48648162856127547, "noise_1_mlp4_var": 0.3807543134808781}