{"cell_id": 323475862, "noise_1_mlp0_var": 0.702399642716139, "noise_1_mlp1_var": 0.421488432704503, "noise_1_mlp2_var": 0.6674282227531672, "noise_1_mlp3_var": 0.5949629046458637, "noise_1_mlp4_var": 0.5957245532297887}