{"cell_id": 324025371, "noise_1_base_var": 0.6625815667224336, "noise_1_mlp0_var": 0.4647930651522366, "noise_1_mlp1_var": 0.6198870894152813, "noise_1_mlp2_var": 0.6787748266506058, "noise_1_mlp3_var": 0.6515481663786122, "noise_1_mlp4_var": 0.5252988297690717}