{"cell_id": 324025297, "noise_1_base_var": 0.41401529615701776, "noise_1_mlp0_var": 0.0, "noise_1_mlp1_var": 0.13946598628254778, "noise_1_mlp2_var": 0.2027234415432317, "noise_1_mlp3_var": 0.14870262431544884, "noise_1_mlp4_var": 0.0}