{"cell_id": 324266189, "noise_1_base_var": 0.6615516428152143, "noise_1_mlp0_var": 0.5684007220109292, "noise_1_mlp1_var": 0.7535772242186016, "noise_1_mlp2_var": 0.7441086528825726, "noise_1_mlp3_var": 0.7232978545981393, "noise_1_mlp4_var": 0.6300989552176179}