{"cell_id": 324493977, "noise_1_base_var": 0.861485301201204, "noise_1_mlp0_var": 0.8734556386971363, "noise_1_mlp1_var": 0.8780809252592195, "noise_1_mlp2_var": 0.8001497100650528, "noise_1_mlp3_var": 0.8724133735719136, "noise_1_mlp4_var": 0.8456177021982859}