{"cell_id": 327962063, "noise_1_base_var": 0.8057716763523539, "noise_1_mlp0_var": 0.1767294836436883, "noise_1_mlp1_var": 0.7397731671610768, "noise_1_mlp2_var": 0.6355244691036255, "noise_1_mlp3_var": 0.6823798314428798, "noise_1_mlp4_var": 0.7809015273964898}