{"cell_id": 329550277, "noise_1_base_var": 0.7429906757811248, "noise_1_mlp0_var": 0.5913618333785509, "noise_1_mlp1_var": 0.6996436292249721, "noise_1_mlp2_var": 0.5077030307611219, "noise_1_mlp3_var": 0.5651343359815859, "noise_1_mlp4_var": 0.5879091507135562}