{"cell_id": 333604946, "noise_1_mlp0_var": 0.916988299012065, "noise_1_mlp1_var": 0.845017021639552, "noise_1_mlp2_var": 0.9674593395821796, "noise_1_mlp3_var": 0.9212432306900116, "noise_1_mlp4_var": 0.7457104286737694}