{"cell_id": 341442651, "noise_1_base_var": 0.9142092658372654, "noise_1_mlp0_var": 0.8692388347756638, "noise_1_mlp1_var": 0.8185859543133384, "noise_1_mlp2_var": 0.8005838313783825, "noise_1_mlp3_var": 0.7311206772938146, "noise_1_mlp4_var": 0.7087090560972211}