{"cell_id": 349621141, "noise_1_mlp0_var": 0.236954656964336, "noise_1_mlp1_var": 0.28663374819412635, "noise_1_mlp2_var": 0.2629323712983314, "noise_1_mlp3_var": 0.2131702937726784, "noise_1_mlp4_var": 0.22043925211232657}