{"cell_id": 354190013, "noise_1_base_var": 0.5921901073065379, "noise_1_mlp0_var": 0.41579596650523704, "noise_1_mlp1_var": 0.28381925467520575, "noise_1_mlp2_var": 0.5487755279847893, "noise_1_mlp3_var": 0.40917321267226187, "noise_1_mlp4_var": 0.36035249742250747}