{"cell_id": 354833767, "noise_1_base_var": 0.6872219738609084, "noise_1_mlp0_var": 0.19037062747642478, "noise_1_mlp1_var": 0.21549622791462858, "noise_1_mlp2_var": 0.45255941512531284, "noise_1_mlp3_var": 0.49087998549322603, "noise_1_mlp4_var": 0.3302873519821409}