{"cell_id": 370351753, "noise_1_base_var": 0.6466262843162515, "noise_1_mlp0_var": 0.5945024489147033, "noise_1_mlp1_var": 0.3858881047094331, "noise_1_mlp2_var": 0.42815211886607046, "noise_1_mlp3_var": 0.6808547752500521, "noise_1_mlp4_var": 0.5618093454327076}