{"cell_id": 382982932, "noise_1_base_var": 0.8856563025227512, "noise_1_mlp0_var": 0.7131461114306349, "noise_1_mlp1_var": 0.4929408254918693, "noise_1_mlp2_var": 0.6138395970752892, "noise_1_mlp3_var": 0.8422872765178673, "noise_1_mlp4_var": 0.5840818112979972}