{"cell_id": 386049446, "noise_1_base_var": 0.6555996790450055, "noise_1_mlp0_var": 0.6619962150048369, "noise_1_mlp1_var": 0.6723538580090761, "noise_1_mlp2_var": 0.5277056823221518, "noise_1_mlp3_var": 0.6344030311639521, "noise_1_mlp4_var": 0.5943642307511143}