{"cell_id": 386970660, "noise_1_base_var": 0.4826367766182263, "noise_1_mlp0_var": 0.13238440873645374, "noise_1_mlp1_var": 0.3441845145380872, "noise_1_mlp2_var": 0.3399017973370563, "noise_1_mlp3_var": 0.17431025569406425, "noise_1_mlp4_var": 0.2865426433870037}