{"cell_id": 395830185, "noise_1_base_var": 0.5676850312700319, "noise_1_mlp0_var": 0.634381944440154, "noise_1_mlp1_var": 0.5994259992180662, "noise_1_mlp2_var": 0.540376917125241, "noise_1_mlp3_var": 0.5511622304004334, "noise_1_mlp4_var": 0.5478898688736591}