{"cell_id": 396608557, "noise_1_mlp0_var": 0.8714816003657382, "noise_1_mlp1_var": 0.8540471652706357, "noise_1_mlp2_var": 0.9062495135787977, "noise_1_mlp3_var": 0.8294503222566096, "noise_1_mlp4_var": 0.6984533232739767}