{"cell_id": 397353539, "noise_1_base_var": 0.7213780379010765, "noise_1_mlp0_var": 0.4506326311975185, "noise_1_mlp1_var": 0.2802267778290792, "noise_1_mlp2_var": 0.3139541581898468, "noise_1_mlp3_var": 0.38105888123654563, "noise_1_mlp4_var": 0.21938083524922936}