{"cell_id": 422738880, "noise_1_base_var": 0.6752706436453577, "noise_1_mlp0_var": 0.5655684935040902, "noise_1_mlp1_var": 0.38603974906337263, "noise_1_mlp2_var": 0.5185303783389, "noise_1_mlp3_var": 0.36516162071351244, "noise_1_mlp4_var": 0.5648435457198253}