{"cell_id": 466632464, "noise_1_base_var": 0.7424607050552102, "noise_1_mlp0_var": 0.6411395870030414, "noise_1_mlp1_var": 0.6233847662190127, "noise_1_mlp2_var": 0.6598676239241066, "noise_1_mlp3_var": 0.6201213401926459, "noise_1_mlp4_var": 0.5786865131305834}