{"cell_id": 467703703, "noise_1_base_var": 0.7487916469432425, "noise_1_mlp0_var": 0.6973898921566863, "noise_1_mlp1_var": 0.5412301027086962, "noise_1_mlp2_var": 0.7240957559186353, "noise_1_mlp3_var": 0.4877755175163231, "noise_1_mlp4_var": 0.5841309523475712}