{"cell_id": 468193142, "noise_1_mlp0_var": 0.5829757072102334, "noise_1_mlp1_var": 0.31422875108334425, "noise_1_mlp2_var": 0.43425101857057874, "noise_1_mlp3_var": 0.4781907674659974, "noise_1_mlp4_var": 0.4775559262240184}