{"cell_id": 468120757, "noise_1_base_var": 0.6842959702716068, "noise_1_mlp0_var": 0.6101277405715873, "noise_1_mlp1_var": 0.4145015738415987, "noise_1_mlp2_var": 0.2964890339439016, "noise_1_mlp3_var": 0.4805036292882444, "noise_1_mlp4_var": 0.37491544962876583}