{"cell_id": 469704261, "noise_1_base_var": 0.896898809060482, "noise_1_mlp0_var": 0.6519917629617499, "noise_1_mlp1_var": 0.44527327255346827, "noise_1_mlp2_var": 0.4222776212446099, "noise_1_mlp3_var": 0.7255689356454378, "noise_1_mlp4_var": 0.5626966736398877}