{"cell_id": 469793303, "noise_1_base_var": 0.6527233015035323, "noise_1_mlp0_var": 0.6739124738566682, "noise_1_mlp1_var": 0.33621419609287606, "noise_1_mlp2_var": 0.6302804584271141, "noise_1_mlp3_var": 0.457489344884633, "noise_1_mlp4_var": 0.6464528960005442}