{"cell_id": 469992918, "noise_1_mlp0_var": 0.33858702429119997, "noise_1_mlp1_var": 0.42212943187631785, "noise_1_mlp2_var": 0.47332123008460436, "noise_1_mlp3_var": 0.49114571989235334, "noise_1_mlp4_var": 0.3608524936164497}