{"cell_id": 471087830, "noise_1_base_var": 0.9786157393107311, "noise_1_mlp0_var": 0.9413153850062147, "noise_1_mlp1_var": 0.7560976528434348, "noise_1_mlp2_var": 0.9502017069644885, "noise_1_mlp3_var": 0.9449114439165995, "noise_1_mlp4_var": 0.9165369827475296}