{"cell_id": 471077857, "noise_1_mlp0_var": 0.8307098202123621, "noise_1_mlp1_var": 0.8829561723166534, "noise_1_mlp2_var": 0.911533751655434, "noise_1_mlp3_var": 0.8055788011095318, "noise_1_mlp4_var": 0.8687482438168762}