{"cell_id": 471077468, "noise_1_mlp0_var": 0.826932901542164, "noise_1_mlp1_var": 0.9200386336622746, "noise_1_mlp2_var": 0.9056791841929778, "noise_1_mlp3_var": 0.9256017490908781, "noise_1_mlp4_var": 0.9651716944115881}