{"cell_id": 471143169, "noise_1_mlp0_var": 0.0, "noise_1_mlp1_var": 0.3988844743895269, "noise_1_mlp2_var": 0.07573006572396417, "noise_1_mlp3_var": 0.0, "noise_1_mlp4_var": 0.10083550524503775}