{"cell_id": 471141261, "noise_1_base_var": 0.7887990477580189, "noise_1_mlp0_var": 0.7724727443744384, "noise_1_mlp1_var": 0.8114869707443121, "noise_1_mlp2_var": 0.7679283343795137, "noise_1_mlp3_var": 0.7447295245494208, "noise_1_mlp4_var": 0.6335055377300091}