{"cell_id": 471129934, "noise_1_base_var": 0.7841156357089877, "noise_1_mlp0_var": 0.2082500382961379, "noise_1_mlp1_var": 0.6520376430721347, "noise_1_mlp2_var": 0.45794193330032323, "noise_1_mlp3_var": 0.649664206923323, "noise_1_mlp4_var": 0.3717936265074835}