{"cell_id": 471410185, "noise_1_mlp0_var": 0.6787176275765344, "noise_1_mlp1_var": 0.18888370367309543, "noise_1_mlp2_var": 0.4756482429218295, "noise_1_mlp3_var": 0.37374600435419647, "noise_1_mlp4_var": 0.6462528141762546}