{"cell_id": 471767045, "noise_1_mlp0_var": 0.5026337120752562, "noise_1_mlp1_var": 0.818226687502704, "noise_1_mlp2_var": 0.5922036840302062, "noise_1_mlp3_var": 0.7342658119116698, "noise_1_mlp4_var": 0.5188369270306302}