{"cell_id": 471758398, "noise_1_mlp0_var": 0.4003342793688244, "noise_1_mlp1_var": 0.34900899269249336, "noise_1_mlp2_var": 0.33295326942662906, "noise_1_mlp3_var": 0.41029145756373236, "noise_1_mlp4_var": 0.33926419293070936}