{"cell_id": 471786879, "noise_1_mlp0_var": 0.8411270046948092, "noise_1_mlp1_var": 0.8338042690391593, "noise_1_mlp2_var": 0.5214110264814991, "noise_1_mlp3_var": 0.8515844554628491, "noise_1_mlp4_var": 0.7191246612045308}