{"cell_id": 471789504, "noise_1_base_var": 0.8785394550035083, "noise_1_mlp0_var": 0.478079381100195, "noise_1_mlp1_var": 0.7320563861273013, "noise_1_mlp2_var": 0.7466685562792944, "noise_1_mlp3_var": 0.7573367093435553, "noise_1_mlp4_var": 0.5240828828959201}