{"cell_id": 471800189, "noise_1_base_var": 0.8040158139130347, "noise_1_mlp0_var": 0.3950970801749647, "noise_1_mlp1_var": 0.6588387117164818, "noise_1_mlp2_var": 0.7099651582934186, "noise_1_mlp3_var": 0.5633129645813704, "noise_1_mlp4_var": 0.674125394990781}