{"cell_id": 473020156, "noise_1_base_var": 0.6346913666365869, "noise_1_mlp0_var": 0.5904494288071825, "noise_1_mlp1_var": 0.6418948043405269, "noise_1_mlp2_var": 0.5974912375017084, "noise_1_mlp3_var": 0.6049518672731808, "noise_1_mlp4_var": 0.6453945736480635}