{"cell_id": 473540161, "noise_1_mlp0_var": 0.1814552985288504, "noise_1_mlp1_var": 0.0, "noise_1_mlp2_var": 0.0, "noise_1_mlp3_var": 0.0, "noise_1_mlp4_var": 0.135609785002215}