{"cell_id": 473564515, "noise_1_base_var": 0.959772483166942, "noise_1_mlp0_var": 0.7913963615888175, "noise_1_mlp1_var": 0.8029191539217546, "noise_1_mlp2_var": 0.8389738012167929, "noise_1_mlp3_var": 0.7827612807245227, "noise_1_mlp4_var": 0.7913963615888175}