{"cell_id": 473943881, "noise_1_base_var": 0.8744019837993252, "noise_1_mlp0_var": 0.43525421353156096, "noise_1_mlp1_var": 0.37060041277507894, "noise_1_mlp2_var": 0.4570680054075187, "noise_1_mlp3_var": 0.5171402087572146, "noise_1_mlp4_var": 0.5212549720208209}