{"cell_id": 474626527, "noise_1_base_var": 0.8119191639442798, "noise_1_mlp0_var": 0.4475568646908328, "noise_1_mlp1_var": 0.7322866306146623, "noise_1_mlp2_var": 0.5164917918516772, "noise_1_mlp3_var": 0.7795913533809141, "noise_1_mlp4_var": 0.6448959432980406}