{"cell_id": 475057898, "noise_1_base_var": 0.8255926338319526, "noise_1_mlp0_var": 0.7626446915514975, "noise_1_mlp1_var": 0.7526195708800356, "noise_1_mlp2_var": 0.835250251232578, "noise_1_mlp3_var": 0.7967605377330377, "noise_1_mlp4_var": 0.8025173789567689}