{"cell_id": 475202388, "noise_1_mlp0_var": 0.4861530122759473, "noise_1_mlp1_var": 0.2507394112084374, "noise_1_mlp2_var": 0.4276714301413989, "noise_1_mlp3_var": 0.455900846993533, "noise_1_mlp4_var": 0.27156539972459753}