{"cell_id": 475549284, "noise_1_mlp0_var": 0.9569781370868312, "noise_1_mlp1_var": 0.9809712839884697, "noise_1_mlp2_var": 0.9769513076125889, "noise_1_mlp3_var": 0.9664903575237068, "noise_1_mlp4_var": 0.9523573132164986}