{"cell_id": 475585413, "noise_1_base_var": 0.9052000653092238, "noise_1_mlp0_var": 0.4687444401131874, "noise_1_mlp1_var": 0.3435072134471896, "noise_1_mlp2_var": 0.3661008490827603, "noise_1_mlp3_var": 0.44677732297675643, "noise_1_mlp4_var": 0.6264514449495132}