{"cell_id": 475623964, "noise_1_mlp0_var": 0.01931461355331396, "noise_1_mlp1_var": 0.02420023110082429, "noise_1_mlp2_var": 0.016544140229586567, "noise_1_mlp3_var": 0.027188050383642356, "noise_1_mlp4_var": 0.03716808774189363}