{"cell_id": 475744706, "noise_1_mlp0_var": 0.24829480216410355, "noise_1_mlp1_var": 0.4234653071391185, "noise_1_mlp2_var": 0.1273644992507065, "noise_1_mlp3_var": 0.10937203501164636, "noise_1_mlp4_var": 0.31498518191799807}