{"cell_id": 476086391, "noise_1_mlp0_var": 0.5024292463890083, "noise_1_mlp1_var": 0.36357758544672536, "noise_1_mlp2_var": 0.5805102824348382, "noise_1_mlp3_var": 0.3278578979115818, "noise_1_mlp4_var": 0.7384030302699277}