{"cell_id": 476048909, "noise_1_base_var": 0.61669950543169, "noise_1_mlp0_var": 0.3831577730629278, "noise_1_mlp1_var": 0.20968099145163407, "noise_1_mlp2_var": 0.2663444208902984, "noise_1_mlp3_var": 0.33705245589730354, "noise_1_mlp4_var": 0.2638108861105799}