{"cell_id": 476131588, "noise_1_base_var": 0.5934681945955899, "noise_1_mlp0_var": 0.4545369980702705, "noise_1_mlp1_var": 0.5229400866781919, "noise_1_mlp2_var": 0.4993006194068962, "noise_1_mlp3_var": 0.4400537515676086, "noise_1_mlp4_var": 0.5961853737870333}