{"cell_id": 476135066, "noise_1_mlp0_var": 0.3818132013863437, "noise_1_mlp1_var": 0.4108488548881358, "noise_1_mlp2_var": 0.5690329272868322, "noise_1_mlp3_var": 0.7354357542150511, "noise_1_mlp4_var": 0.3515146092318629}