{"cell_id": 476263004, "noise_1_base_var": 0.8480448264239988, "noise_1_mlp0_var": 0.5145526000496747, "noise_1_mlp1_var": 0.4055745993506037, "noise_1_mlp2_var": 0.5010473011100661, "noise_1_mlp3_var": 0.5816007726759074, "noise_1_mlp4_var": 0.5728029427365269}