{"cell_id": 476218657, "noise_1_base_var": 0.7103860316719328, "noise_1_mlp0_var": 0.7072441402461903, "noise_1_mlp1_var": 0.32730588902321395, "noise_1_mlp2_var": 0.5679932328788635, "noise_1_mlp3_var": 0.5070668501660243, "noise_1_mlp4_var": 0.6330140002444669}