{"cell_id": 476216637, "noise_1_mlp0_var": 0.3372948244803609, "noise_1_mlp1_var": 0.4893141341014107, "noise_1_mlp2_var": 0.44282161009742715, "noise_1_mlp3_var": 0.5725513825571844, "noise_1_mlp4_var": 0.45299739982078474}