{"cell_id": 476457450, "noise_1_base_var": 0.4864757949462609, "noise_1_mlp0_var": 0.4878123554452729, "noise_1_mlp1_var": 0.5308944291889862, "noise_1_mlp2_var": 0.5565721701859779, "noise_1_mlp3_var": 0.17646392272604905, "noise_1_mlp4_var": 0.5320379012729191}