{"cell_id": 476451456, "noise_1_base_var": 0.6925076543552156, "noise_1_mlp0_var": 0.44693547633504055, "noise_1_mlp1_var": 0.480833563593882, "noise_1_mlp2_var": 0.4668814155851306, "noise_1_mlp3_var": 0.19439642644475552, "noise_1_mlp4_var": 0.5797294181211166}