{"cell_id": 476562817, "noise_1_base_var": 0.6395822441231376, "noise_1_mlp0_var": 0.5657001894177401, "noise_1_mlp1_var": 0.0, "noise_1_mlp2_var": 0.7054752380211834, "noise_1_mlp3_var": 0.0, "noise_1_mlp4_var": 0.6787188556999946}