{"cell_id": 476686112, "noise_1_base_var": 0.6576235400547771, "noise_1_mlp0_var": 0.726720022929624, "noise_1_mlp1_var": 0.4918385428649575, "noise_1_mlp2_var": 0.7258942063368097, "noise_1_mlp3_var": 0.732655181160805, "noise_1_mlp4_var": 0.6428830051299149}