{"cell_id": 476823462, "noise_1_base_var": 0.6617888547711425, "noise_1_mlp0_var": 0.34941048744992065, "noise_1_mlp1_var": 0.5249522501835834, "noise_1_mlp2_var": 0.5283290504436732, "noise_1_mlp3_var": 0.4672293149280742, "noise_1_mlp4_var": 0.4959118892882193}