{"cell_id": 477135941, "noise_1_base_var": 0.6467245877118185, "noise_1_mlp0_var": 0.624867958702133, "noise_1_mlp1_var": 0.4531516949804396, "noise_1_mlp2_var": 0.535162400907538, "noise_1_mlp3_var": 0.5117246604124032, "noise_1_mlp4_var": 0.0}