{"cell_id": 477127614, "noise_1_base_var": 0.7896394903882562, "noise_1_mlp0_var": 0.7279873699478043, "noise_1_mlp1_var": 0.41387112151547106, "noise_1_mlp2_var": 0.7096983311725841, "noise_1_mlp3_var": 0.5925230089687716, "noise_1_mlp4_var": 0.661440458868285}