{"cell_id": 477880128, "noise_1_base_var": 0.4721598194463701, "noise_1_mlp0_var": 0.0, "noise_1_mlp1_var": 0.38853571552829785, "noise_1_mlp2_var": 0.3885068052617494, "noise_1_mlp3_var": 0.4302871161785819, "noise_1_mlp4_var": 0.39039118587309196}