{"cell_id": 478058328, "noise_1_base_var": 0.9690501587264851, "noise_1_mlp0_var": 0.888419029732471, "noise_1_mlp1_var": 0.7642813731257613, "noise_1_mlp2_var": 0.9566285604233791, "noise_1_mlp3_var": 0.7888758613768854, "noise_1_mlp4_var": 0.7560281900440109}