{"cell_id": 478110866, "noise_1_base_var": 0.7618843739199596, "noise_1_mlp0_var": 0.0, "noise_1_mlp1_var": 0.6925887472612801, "noise_1_mlp2_var": 0.7312239430431331, "noise_1_mlp3_var": 0.46227984088278296, "noise_1_mlp4_var": 0.6963205745441011}