{"cell_id": 478499902, "noise_1_base_var": 0.6440876428525159, "noise_1_mlp0_var": 0.45313322899331415, "noise_1_mlp1_var": 0.6945536314787546, "noise_1_mlp2_var": 0.4786523475545867, "noise_1_mlp3_var": 0.6099386569626114, "noise_1_mlp4_var": 0.6273220325522096}