{"cell_id": 478497530, "noise_1_base_var": 0.4745975421848901, "noise_1_mlp0_var": 0.3568510741116948, "noise_1_mlp1_var": 0.31784789263816876, "noise_1_mlp2_var": 0.33175191781952296, "noise_1_mlp3_var": 0.0, "noise_1_mlp4_var": 0.4605091687685077}