{"cell_id": 478586295, "noise_1_base_var": 0.8485481020886925, "noise_1_mlp0_var": 0.7277928415557575, "noise_1_mlp1_var": 0.2873459953907084, "noise_1_mlp2_var": 0.7207088277559385, "noise_1_mlp3_var": 0.3918434480760422, "noise_1_mlp4_var": 0.3500230386079911}