{"cell_id": 478888052, "noise_1_mlp0_var": 0.5388981965781613, "noise_1_mlp1_var": 0.5365744656497095, "noise_1_mlp2_var": 0.36050941405143455, "noise_1_mlp3_var": 0.39658226732296, "noise_1_mlp4_var": 0.39322014167563735}