{"cell_id": 479010903, "noise_1_base_var": 0.5711513110840754, "noise_1_mlp0_var": 0.48610977104734493, "noise_1_mlp1_var": 0.43091966307360446, "noise_1_mlp2_var": 0.5043826734909701, "noise_1_mlp3_var": 0.5994231137598875, "noise_1_mlp4_var": 0.4443083462875255}