{"cell_id": 479179020, "noise_1_base_var": 0.7587079054128831, "noise_1_mlp0_var": 0.6475370671829375, "noise_1_mlp1_var": 0.6905535700544425, "noise_1_mlp2_var": 0.6910940801479319, "noise_1_mlp3_var": 0.6403904567464491, "noise_1_mlp4_var": 0.721497890469821}