{"cell_id": 479225052, "noise_1_base_var": 0.443482880882651, "noise_1_mlp0_var": 0.49373689112910174, "noise_1_mlp1_var": 0.5448788119541637, "noise_1_mlp2_var": 0.5807442123383284, "noise_1_mlp3_var": 0.5970553682409458, "noise_1_mlp4_var": 0.5352891570266951}