{"cell_id": 479225080, "noise_1_base_var": 0.5249041648485632, "noise_1_mlp0_var": 0.606636657340493, "noise_1_mlp1_var": 0.5579841422415485, "noise_1_mlp2_var": 0.6114098259042272, "noise_1_mlp3_var": 0.4755407671022684, "noise_1_mlp4_var": 0.49078504418430596}