{"cell_id": 479721491, "noise_1_base_var": 0.6312124602105877, "noise_1_mlp0_var": 0.7598724086880183, "noise_1_mlp1_var": 0.4108533645539981, "noise_1_mlp2_var": 0.5059550922582807, "noise_1_mlp3_var": 0.563494456088832, "noise_1_mlp4_var": 0.7582813985685937}