{"cell_id": 479770916, "noise_1_base_var": 0.7172508956696213, "noise_1_mlp0_var": 0.6613613594647264, "noise_1_mlp1_var": 0.7417745778769385, "noise_1_mlp2_var": 0.8173202695442362, "noise_1_mlp3_var": 0.7577096288805315, "noise_1_mlp4_var": 0.7694042987674056}