{"cell_id": 479704527, "noise_1_base_var": 0.49204997297946484, "noise_1_mlp0_var": 0.625456719063497, "noise_1_mlp1_var": 0.5882099793932649, "noise_1_mlp2_var": 0.5822877006230531, "noise_1_mlp3_var": 0.5904303006237789, "noise_1_mlp4_var": 0.6185959700895991}