{"cell_id": 479728896, "noise_1_base_var": 0.6351335421495738, "noise_1_mlp0_var": 0.6124468586155201, "noise_1_mlp1_var": 0.6057164159311401, "noise_1_mlp2_var": 0.5898002251314977, "noise_1_mlp3_var": 0.543481055183978, "noise_1_mlp4_var": 0.6095972199267532}