{"cell_id": 480003970, "noise_1_base_var": 0.7138099735077257, "noise_1_mlp0_var": 0.7846345340925079, "noise_1_mlp1_var": 0.6438152323704525, "noise_1_mlp2_var": 0.7043746963429829, "noise_1_mlp3_var": 0.7595597980828327, "noise_1_mlp4_var": 0.7709194877306752}