{"cell_id": 480087928, "noise_1_base_var": 0.4190060413812712, "noise_1_mlp0_var": 0.6011806137089395, "noise_1_mlp1_var": 0.5472052423032044, "noise_1_mlp2_var": 0.0, "noise_1_mlp3_var": 0.3388769720231209, "noise_1_mlp4_var": 0.42938587025199376}