{"cell_id": 480124551, "noise_1_base_var": 0.8628164422806455, "noise_1_mlp0_var": 0.5568869372073952, "noise_1_mlp1_var": 0.35190065027370404, "noise_1_mlp2_var": 0.6741459483388597, "noise_1_mlp3_var": 0.627740237356543, "noise_1_mlp4_var": 0.34029726276488764}