{"cell_id": 480169178, "noise_1_base_var": 0.698466234469036, "noise_1_mlp0_var": 0.3794962561160032, "noise_1_mlp1_var": 0.6710628361170595, "noise_1_mlp2_var": 0.531283120048053, "noise_1_mlp3_var": 0.38988097338502503, "noise_1_mlp4_var": 0.40988909113983035}