{"cell_id": 480122859, "noise_1_base_var": 0.3295662135860325, "noise_1_mlp0_var": 0.40621611805365, "noise_1_mlp1_var": 0.42227835233196226, "noise_1_mlp2_var": 0.4363635246038525, "noise_1_mlp3_var": 0.06188400524672869, "noise_1_mlp4_var": 0.38290372013332225}