{"cell_id": 480353286, "noise_1_base_var": 0.582608551337401, "noise_1_mlp0_var": 0.6489504975769251, "noise_1_mlp1_var": 0.6694366557861576, "noise_1_mlp2_var": 0.6020631789291899, "noise_1_mlp3_var": 0.6314149590264966, "noise_1_mlp4_var": 0.6346753589999778}