{"cell_id": 480351780, "noise_1_base_var": 0.5377644408198199, "noise_1_mlp0_var": 0.47469041948503, "noise_1_mlp1_var": 0.5265940558887814, "noise_1_mlp2_var": 0.6022650468926019, "noise_1_mlp3_var": 0.5524148751897558, "noise_1_mlp4_var": 0.6692313729536364}