{"cell_id": 481093525, "noise_1_base_var": 0.9790673148561806, "noise_1_mlp0_var": 0.9222503049019404, "noise_1_mlp1_var": 0.9259800023693905, "noise_1_mlp2_var": 0.8669821539034479, "noise_1_mlp3_var": 0.9194133872388226, "noise_1_mlp4_var": 0.8899383407004057}