{"cell_id": 481136138, "noise_1_mlp0_var": 0.9208716970787006, "noise_1_mlp1_var": 0.9252226729499969, "noise_1_mlp2_var": 0.8486648886271443, "noise_1_mlp3_var": 0.9263975494005018, "noise_1_mlp4_var": 0.8743287332278886}