{"cell_id": 483020137, "noise_1_base_var": 0.8259783950988118, "noise_1_mlp0_var": 0.43811263432085756, "noise_1_mlp1_var": 0.5575687243773001, "noise_1_mlp2_var": 0.5854451151463487, "noise_1_mlp3_var": 0.6270063953546255, "noise_1_mlp4_var": 0.7044681648952948}