{"cell_id": 483101699, "noise_1_base_var": 0.6250830708454943, "noise_1_mlp0_var": 0.5121682888233346, "noise_1_mlp1_var": 0.45286747542139916, "noise_1_mlp2_var": 0.667052355107675, "noise_1_mlp3_var": 0.6110532825182705, "noise_1_mlp4_var": 0.536698658592336}