{"cell_id": 484564503, "noise_1_mlp0_var": 0.21087896719669175, "noise_1_mlp1_var": 0.17263394300246548, "noise_1_mlp2_var": 0.16733070791828372, "noise_1_mlp3_var": 0.16106596831447167, "noise_1_mlp4_var": 0.19673456106958667}