{"cell_id": 484679812, "noise_1_base_var": 0.6831800975832474, "noise_1_mlp0_var": 0.6593643637487125, "noise_1_mlp1_var": 0.6936634043682806, "noise_1_mlp2_var": 0.6807593531777415, "noise_1_mlp3_var": 0.5646002625489693, "noise_1_mlp4_var": 0.6637658627524401}