{"cell_id": 485184849, "noise_1_base_var": 0.9659521371980306, "noise_1_mlp0_var": 0.6804583196894551, "noise_1_mlp1_var": 0.6283661007939177, "noise_1_mlp2_var": 0.7192705330619802, "noise_1_mlp3_var": 0.9837702762905791, "noise_1_mlp4_var": 0.8635214604489394}