{"cell_id": 485161419, "noise_1_mlp0_var": 0.19742694287890758, "noise_1_mlp1_var": 0.45204143559546883, "noise_1_mlp2_var": 0.4496010553694245, "noise_1_mlp3_var": 0.4592481366827652, "noise_1_mlp4_var": 0.6427999078411104}