{"cell_id": 485468180, "noise_1_base_var": 0.48735395096894485, "noise_1_mlp0_var": 0.48497427547909533, "noise_1_mlp1_var": 0.0, "noise_1_mlp2_var": 0.0, "noise_1_mlp3_var": 0.0, "noise_1_mlp4_var": 0.282135748466336}