{"cell_id": 485574832, "noise_1_base_var": 0.8087572293697898, "noise_1_mlp0_var": 0.6432582512437945, "noise_1_mlp1_var": 0.6979873230865015, "noise_1_mlp2_var": 0.8376953647410353, "noise_1_mlp3_var": 0.7344747849213096, "noise_1_mlp4_var": 0.8323448864538933}