{"cell_id": 485574721, "noise_1_base_var": 0.4961234157093993, "noise_1_mlp0_var": 0.7038655864433662, "noise_1_mlp1_var": 0.7023428835980702, "noise_1_mlp2_var": 0.6727686756244146, "noise_1_mlp3_var": 0.6741201165558078, "noise_1_mlp4_var": 0.720389754255326}