{"cell_id": 485835016, "noise_1_base_var": 0.6263861926970213, "noise_1_mlp0_var": 0.5194083574011426, "noise_1_mlp1_var": 0.6846912182645966, "noise_1_mlp2_var": 0.6042351533684669, "noise_1_mlp3_var": 0.6389455833330543, "noise_1_mlp4_var": 0.5830373226950836}