{"cell_id": 485835055, "noise_1_mlp0_var": 0.4531190646950813, "noise_1_mlp1_var": 0.6043593026693596, "noise_1_mlp2_var": 0.5751855123405949, "noise_1_mlp3_var": 0.3893264841612089, "noise_1_mlp4_var": 0.5962375138313517}