{"cell_id": 485836906, "noise_1_base_var": 0.768671119424434, "noise_1_mlp0_var": 0.4264230266902871, "noise_1_mlp1_var": 0.5802899670066297, "noise_1_mlp2_var": 0.39306935896399336, "noise_1_mlp3_var": 0.4175013535219452, "noise_1_mlp4_var": 0.31972337315175514}