{"cell_id": 485880739, "noise_1_base_var": 0.48741086592462823, "noise_1_mlp0_var": 0.5324266205549255, "noise_1_mlp1_var": 0.6985626303830726, "noise_1_mlp2_var": 0.6940624408414375, "noise_1_mlp3_var": 0.6687664006123202, "noise_1_mlp4_var": 0.36850085571821256}