{"cell_id": 485838981, "noise_1_base_var": 0.7385091625500358, "noise_1_mlp0_var": 0.6268024191255082, "noise_1_mlp1_var": 0.7608854902110682, "noise_1_mlp2_var": 0.590024521523381, "noise_1_mlp3_var": 0.7235394899020985, "noise_1_mlp4_var": 0.6511433459672322}