{"cell_id": 485837504, "noise_1_base_var": 0.4112878218219598, "noise_1_mlp0_var": 0.0, "noise_1_mlp1_var": 0.4385379864914997, "noise_1_mlp2_var": 0.4616940642599304, "noise_1_mlp3_var": 0.5621823536361689, "noise_1_mlp4_var": 0.5771416451985816}