{"cell_id": 485911892, "noise_1_base_var": 0.5889201024661499, "noise_1_mlp0_var": 0.63008392865175, "noise_1_mlp1_var": 0.3892331514615921, "noise_1_mlp2_var": 0.669020371832721, "noise_1_mlp3_var": 0.5377851546337875, "noise_1_mlp4_var": 0.6066670838338806}