{"cell_id": 485912047, "noise_1_base_var": 0.5212798566360007, "noise_1_mlp0_var": 0.507195151869396, "noise_1_mlp1_var": 0.6327109074849536, "noise_1_mlp2_var": 0.594726129605913, "noise_1_mlp3_var": 0.5193277654079324, "noise_1_mlp4_var": 0.306575597555584}