{"cell_id": 485931158, "noise_1_base_var": 0.7533829675279246, "noise_1_mlp0_var": 0.6399867030659125, "noise_1_mlp1_var": 0.329989279428494, "noise_1_mlp2_var": 0.46082886140050794, "noise_1_mlp3_var": 0.6016605883764231, "noise_1_mlp4_var": 0.5578586906717486}