{"cell_id": 486052980, "noise_1_base_var": 0.6858155928983634, "noise_1_mlp0_var": 0.7563415016109345, "noise_1_mlp1_var": 0.7592107189145602, "noise_1_mlp2_var": 0.7394188573709668, "noise_1_mlp3_var": 0.7395280376482867, "noise_1_mlp4_var": 0.7475274569776956}