{"cell_id": 486025194, "noise_1_mlp0_var": 0.2348608483345422, "noise_1_mlp1_var": 0.2225569565018642, "noise_1_mlp2_var": 0.21194864303535793, "noise_1_mlp3_var": 0.25187599978461267, "noise_1_mlp4_var": 0.21363263744436534}