{"cell_id": 486146717, "noise_1_base_var": 0.6512675576415486, "noise_1_mlp0_var": 0.39191884653402353, "noise_1_mlp1_var": 0.5219674182297098, "noise_1_mlp2_var": 0.44625603531696667, "noise_1_mlp3_var": 0.5227817335723036, "noise_1_mlp4_var": 0.5675207957537226}