{"cell_id": 486110216, "noise_1_base_var": 0.7831978252730907, "noise_1_mlp0_var": 0.47321533348111455, "noise_1_mlp1_var": 0.29702931842150565, "noise_1_mlp2_var": 0.255368355395686, "noise_1_mlp3_var": 0.2180618393339051, "noise_1_mlp4_var": 0.3917348931108992}