{"cell_id": 486111903, "noise_1_base_var": 0.8479854094462318, "noise_1_mlp0_var": 0.6785752435824004, "noise_1_mlp1_var": 0.5782280055538737, "noise_1_mlp2_var": 0.5368929156435494, "noise_1_mlp3_var": 0.6877531449973671, "noise_1_mlp4_var": 0.6088662341999501}