{"cell_id": 486132712, "noise_1_base_var": 0.745405360284645, "noise_1_mlp0_var": 0.7397709504715415, "noise_1_mlp1_var": 0.8193421138033679, "noise_1_mlp2_var": 0.8005823781946314, "noise_1_mlp3_var": 0.8187052439935769, "noise_1_mlp4_var": 0.765647356038281}