{"cell_id": 486239338, "noise_1_base_var": 0.7152976458621885, "noise_1_mlp0_var": 0.5994199840768214, "noise_1_mlp1_var": 0.5690199730202805, "noise_1_mlp2_var": 0.6203334284478925, "noise_1_mlp3_var": 0.5877994032314856, "noise_1_mlp4_var": 0.605739808549283}