{"cell_id": 486262299, "noise_1_base_var": 0.8205426595306818, "noise_1_mlp0_var": 0.3922063294216167, "noise_1_mlp1_var": 0.37901709382461884, "noise_1_mlp2_var": 0.5048646625117882, "noise_1_mlp3_var": 0.19985185110101047, "noise_1_mlp4_var": 0.3246207789027357}