{"cell_id": 486560376, "noise_1_base_var": 0.6697119557860217, "noise_1_mlp0_var": 0.4430604316906813, "noise_1_mlp1_var": 0.627028460134673, "noise_1_mlp2_var": 0.4678300916677309, "noise_1_mlp3_var": 0.4735406225945104, "noise_1_mlp4_var": 0.7102610903110298}