{"cell_id": 486896849, "noise_1_mlp0_var": 0.9510074715979836, "noise_1_mlp1_var": 0.9531316088330959, "noise_1_mlp2_var": 0.9929522653277867, "noise_1_mlp3_var": 0.9797702129279682, "noise_1_mlp4_var": 0.941452902362196}