{"cell_id": 486893033, "noise_1_base_var": 0.48329422493934987, "noise_1_mlp0_var": 0.609315056517809, "noise_1_mlp1_var": 0.3842162195930954, "noise_1_mlp2_var": 0.5928908949770867, "noise_1_mlp3_var": 0.6306213648474757, "noise_1_mlp4_var": 0.6067267882578588}