{"cell_id": 487099387, "noise_1_mlp0_var": 0.26748924560377846, "noise_1_mlp1_var": 0.15467517609481005, "noise_1_mlp2_var": 0.13033764059186675, "noise_1_mlp3_var": 0.2814794408944475, "noise_1_mlp4_var": 0.19338390022719937}