{"cell_id": 487664663, "noise_1_base_var": 0.6131315413095696, "noise_1_mlp0_var": 0.458690869136626, "noise_1_mlp1_var": 0.3982463567836438, "noise_1_mlp2_var": 0.3932289076758238, "noise_1_mlp3_var": 0.3999082637534681, "noise_1_mlp4_var": 0.5083791246938298}