{"cell_id": 487601493, "noise_1_base_var": 0.7025003697928733, "noise_1_mlp0_var": 0.7110156792554194, "noise_1_mlp1_var": 0.769028641858223, "noise_1_mlp2_var": 0.7373774231294821, "noise_1_mlp3_var": 0.7424750710734642, "noise_1_mlp4_var": 0.7092315006931231}