{"cell_id": 487661754, "noise_1_base_var": 0.3996620956811575, "noise_1_mlp0_var": 0.5029813055265876, "noise_1_mlp1_var": 0.3693250832610402, "noise_1_mlp2_var": 0.30679005461027825, "noise_1_mlp3_var": 0.0, "noise_1_mlp4_var": 0.4949933809444493}