{"cell_id": 488117124, "noise_1_mlp0_var": 0.5752878761828277, "noise_1_mlp1_var": 0.48257888223293105, "noise_1_mlp2_var": 0.43460367502549435, "noise_1_mlp3_var": 0.5110050938136597, "noise_1_mlp4_var": 0.4325444171465677}