{"cell_id": 488420599, "noise_1_mlp0_var": 0.46474311696937204, "noise_1_mlp1_var": 0.3542145042211774, "noise_1_mlp2_var": 0.589164886302972, "noise_1_mlp3_var": 0.35736617305424845, "noise_1_mlp4_var": 0.4567992626868429}