{"cell_id": 488501071, "noise_1_base_var": 0.8852962127096423, "noise_1_mlp0_var": 0.8639884611735884, "noise_1_mlp1_var": 0.8003245138760079, "noise_1_mlp2_var": 0.9267162299231381, "noise_1_mlp3_var": 0.8564109426010456, "noise_1_mlp4_var": 0.8753804690047421}