{"cell_id": 488695444, "noise_1_base_var": 0.6140910931735202, "noise_1_mlp0_var": 0.6282064100905043, "noise_1_mlp1_var": 0.5569584481138896, "noise_1_mlp2_var": 0.5968396516826401, "noise_1_mlp3_var": 0.6678389144571253, "noise_1_mlp4_var": 0.5938368304481465}