{"cell_id": 488680917, "noise_1_base_var": 0.7943939073861171, "noise_1_mlp0_var": 0.6840749983631769, "noise_1_mlp1_var": 0.8163841898519363, "noise_1_mlp2_var": 0.8129588002534867, "noise_1_mlp3_var": 0.8290923120646758, "noise_1_mlp4_var": 0.8414047271396927}