{"cell_id": 488680211, "noise_1_mlp0_var": 0.4810237113572011, "noise_1_mlp1_var": 0.1757403514814481, "noise_1_mlp2_var": 0.706926590324619, "noise_1_mlp3_var": 0.7094636252104543, "noise_1_mlp4_var": 0.0}