{"cell_id": 488679042, "noise_1_base_var": 0.6946566538467218, "noise_1_mlp0_var": 0.5654551912550692, "noise_1_mlp1_var": 0.6225207472883747, "noise_1_mlp2_var": 0.5938784544059165, "noise_1_mlp3_var": 0.6760928877458605, "noise_1_mlp4_var": 0.5915193354906944}