{"cell_id": 488683425, "noise_1_base_var": 0.8876408845270121, "noise_1_mlp0_var": 0.7457573395577507, "noise_1_mlp1_var": 0.8801392388044147, "noise_1_mlp2_var": 0.8192049425502477, "noise_1_mlp3_var": 0.9374520017885082, "noise_1_mlp4_var": 0.8409946298469475}