{"cell_id": 488677994, "noise_1_base_var": 0.9473604849400895, "noise_1_mlp0_var": 0.9128096601250443, "noise_1_mlp1_var": 0.8391421494208916, "noise_1_mlp2_var": 0.9369353593687925, "noise_1_mlp3_var": 0.9142913079337874, "noise_1_mlp4_var": 0.9222702338132343}