{"cell_id": 488697163, "noise_1_base_var": 0.7136879506551931, "noise_1_mlp0_var": 0.7579937394859187, "noise_1_mlp1_var": 0.7172154192720901, "noise_1_mlp2_var": 0.7883030972306508, "noise_1_mlp3_var": 0.7609241775680304, "noise_1_mlp4_var": 0.753088240155068}