{"cell_id": 488698341, "noise_1_base_var": 0.647402921521272, "noise_1_mlp0_var": 0.6338972117891878, "noise_1_mlp1_var": 0.5319992653808548, "noise_1_mlp2_var": 0.6951844042590842, "noise_1_mlp3_var": 0.4887028296882452, "noise_1_mlp4_var": 0.6271170935715364}