{"cell_id": 488687894, "noise_1_mlp0_var": 0.22260160311494703, "noise_1_mlp1_var": 0.30234027714574596, "noise_1_mlp2_var": 0.22237470754536431, "noise_1_mlp3_var": 0.2756546164613919, "noise_1_mlp4_var": 0.2618503048597157}