{"cell_id": 490205998, "noise_1_base_var": 0.762248275922817, "noise_1_mlp0_var": 0.4612541233387739, "noise_1_mlp1_var": 0.5585697934101758, "noise_1_mlp2_var": 0.45501523410296535, "noise_1_mlp3_var": 0.4604564160338992, "noise_1_mlp4_var": 0.6702725063525018}