{"cell_id": 490259231, "noise_1_base_var": 0.855488523358603, "noise_1_mlp0_var": 0.6461963756808525, "noise_1_mlp1_var": 0.7309035235830305, "noise_1_mlp2_var": 0.6217950558668379, "noise_1_mlp3_var": 0.6500213847849262, "noise_1_mlp4_var": 0.7528489790553946}