{"cell_id": 490382353, "noise_1_mlp0_var": 0.9380421390261471, "noise_1_mlp1_var": 0.9214806835945795, "noise_1_mlp2_var": 0.8721178661979199, "noise_1_mlp3_var": 0.6438525557479272, "noise_1_mlp4_var": 0.9000464956584033}