{"cell_id": 490485142, "noise_1_base_var": 0.7990978274481151, "noise_1_mlp0_var": 0.4651857809140541, "noise_1_mlp1_var": 0.5193737630757725, "noise_1_mlp2_var": 0.37475142845200127, "noise_1_mlp3_var": 0.6469167883538374, "noise_1_mlp4_var": 0.4094899721194459}