{"cell_id": 490916882, "noise_1_base_var": 0.6084428325574989, "noise_1_mlp0_var": 0.7106589675034167, "noise_1_mlp1_var": 0.18732738889875725, "noise_1_mlp2_var": 0.7382853945866859, "noise_1_mlp3_var": 0.6396843791048925, "noise_1_mlp4_var": 0.17196503932750568}