{"cell_id": 497611660, "noise_1_base_var": 0.8368096271244229, "noise_1_mlp0_var": 0.8070947576761083, "noise_1_mlp1_var": 0.497683012201412, "noise_1_mlp2_var": 0.5639661667945118, "noise_1_mlp3_var": 0.5345866278149897, "noise_1_mlp4_var": 0.7238003947650448}