{"cell_id": 501799874, "noise_1_mlp0_var": 0.6843469140259019, "noise_1_mlp1_var": 0.6973279802986457, "noise_1_mlp2_var": 0.660821729155364, "noise_1_mlp3_var": 0.7950859710657299, "noise_1_mlp4_var": 0.6709976585194333}