{"cell_id": 501847931, "noise_1_mlp0_var": 0.043908262071392784, "noise_1_mlp1_var": 0.5138256561227228, "noise_1_mlp2_var": 0.25394841510070304, "noise_1_mlp3_var": 0.0, "noise_1_mlp4_var": 0.04516508595359657}