{"cell_id": 501841672, "noise_1_mlp0_var": 0.7773419612052623, "noise_1_mlp1_var": 0.5916106341078748, "noise_1_mlp2_var": 0.649344574812107, "noise_1_mlp3_var": 0.7679681185140147, "noise_1_mlp4_var": 0.6964709534994865}