{"cell_id": 501845630, "noise_1_mlp0_var": 0.12144445777448612, "noise_1_mlp1_var": 0.0, "noise_1_mlp2_var": 0.09309158685485955, "noise_1_mlp3_var": 0.0, "noise_1_mlp4_var": 0.11237571428345905}