{"cell_id": 501956013, "noise_1_base_var": 0.40718052873460386, "noise_1_mlp0_var": 0.4849386651997687, "noise_1_mlp1_var": 0.5231733739379041, "noise_1_mlp2_var": 0.5410023472420421, "noise_1_mlp3_var": 0.5114280071783714, "noise_1_mlp4_var": 0.48307741473068205}