{"cell_id": 502269786, "noise_1_base_var": 0.7573471714900041, "noise_1_mlp0_var": 0.6148969548197897, "noise_1_mlp1_var": 0.5438256282585099, "noise_1_mlp2_var": 0.3997315186576649, "noise_1_mlp3_var": 0.4573784682444392, "noise_1_mlp4_var": 0.3766516057180053}