{"cell_id": 502267531, "noise_1_base_var": 0.5413942454242557, "noise_1_mlp0_var": 0.7166600464070549, "noise_1_mlp1_var": 0.7079267995068089, "noise_1_mlp2_var": 0.48877707905222884, "noise_1_mlp3_var": 0.17690053139576603, "noise_1_mlp4_var": 0.6649154584673687}