{"cell_id": 502366405, "noise_1_base_var": 0.6410467247392525, "noise_1_mlp0_var": 0.6694018711933918, "noise_1_mlp1_var": 0.6629412257604562, "noise_1_mlp2_var": 0.6508728174862835, "noise_1_mlp3_var": 0.7538471509008307, "noise_1_mlp4_var": 0.6905593276545369}