{"cell_id": 502383543, "noise_1_mlp0_var": 0.47135171738773624, "noise_1_mlp1_var": 0.3448336781690605, "noise_1_mlp2_var": 0.3455031012152432, "noise_1_mlp3_var": 0.3506281961012498, "noise_1_mlp4_var": 0.27416785833172136}