{"cell_id": 502359001, "noise_1_mlp0_var": 0.7007882724495172, "noise_1_mlp1_var": 0.629462084834153, "noise_1_mlp2_var": 0.7388969062110207, "noise_1_mlp3_var": 0.7205693014537283, "noise_1_mlp4_var": 0.6692914732795452}