{"cell_id": 502614426, "noise_1_mlp0_var": 0.0, "noise_1_mlp1_var": 0.14241216743493879, "noise_1_mlp2_var": 0.0, "noise_1_mlp3_var": 0.6989171244692909, "noise_1_mlp4_var": 0.0}