{"cell_id": 502978383, "noise_1_base_var": 0.6886422367314818, "noise_1_mlp0_var": 0.4829871533135616, "noise_1_mlp1_var": 0.39460518553210955, "noise_1_mlp2_var": 0.3934351096806026, "noise_1_mlp3_var": 0.6906191213147547, "noise_1_mlp4_var": 0.4829026010872219}