{"cell_id": 502999078, "noise_1_base_var": 0.44151205869680815, "noise_1_mlp0_var": 0.1029529897776145, "noise_1_mlp1_var": 0.1037352594256869, "noise_1_mlp2_var": 0.38229905567208866, "noise_1_mlp3_var": 0.0, "noise_1_mlp4_var": 0.1978809416443131}