{"cell_id": 503286448, "noise_1_base_var": 0.8339176960134356, "noise_1_mlp0_var": 0.700737458594773, "noise_1_mlp1_var": 0.5168573502851495, "noise_1_mlp2_var": 0.6703851255599395, "noise_1_mlp3_var": 0.6762238397478135, "noise_1_mlp4_var": 0.6442592458848648}