{"cell_id": 503823047, "noise_1_mlp0_var": 0.7619463625836594, "noise_1_mlp1_var": 0.6128303628299437, "noise_1_mlp2_var": 0.7303857135870919, "noise_1_mlp3_var": 0.5346218066405296, "noise_1_mlp4_var": 0.08388857341051809}