{"cell_id": 503814817, "noise_1_base_var": 0.7729463148825519, "noise_1_mlp0_var": 0.6314833382452982, "noise_1_mlp1_var": 0.6915630822936829, "noise_1_mlp2_var": 0.6548986830227961, "noise_1_mlp3_var": 0.6643730934923086, "noise_1_mlp4_var": 0.6875435331512126}