{"cell_id": 506133241, "noise_1_mlp0_var": 0.0, "noise_1_mlp1_var": 0.6400951864426246, "noise_1_mlp2_var": 0.6206831881530952, "noise_1_mlp3_var": 0.242490179331027, "noise_1_mlp4_var": 0.767001546491167}