{"cell_id": 507918877, "noise_1_base_var": 0.6016593267166803, "noise_1_mlp0_var": 0.42361668840124256, "noise_1_mlp1_var": 0.20792783791234867, "noise_1_mlp2_var": 0.6725231076567231, "noise_1_mlp3_var": 0.43966188347515794, "noise_1_mlp4_var": 0.46119526522143794}