{"cell_id": 508980706, "noise_1_base_var": 0.7685899175038232, "noise_1_mlp0_var": 0.6982578512553801, "noise_1_mlp1_var": 0.6377052029992317, "noise_1_mlp2_var": 0.7169499513277773, "noise_1_mlp3_var": 0.4722516635531991, "noise_1_mlp4_var": 0.7053828029640045}