{"cell_id": 509003464, "noise_1_base_var": 0.6493918505450219, "noise_1_mlp0_var": 0.5992270211044415, "noise_1_mlp1_var": 0.7807741893745714, "noise_1_mlp2_var": 0.7849689564028564, "noise_1_mlp3_var": 0.771553268350451, "noise_1_mlp4_var": 0.6440542704240132}