{"cell_id": 509617624, "noise_1_base_var": 0.9159861742918888, "noise_1_mlp0_var": 0.9007270152663921, "noise_1_mlp1_var": 0.9178706992132023, "noise_1_mlp2_var": 0.902690107609837, "noise_1_mlp3_var": 0.8869820427469309, "noise_1_mlp4_var": 0.9084498680117199}