{"cell_id": 509881736, "noise_1_base_var": 0.6161336542206082, "noise_1_mlp0_var": 0.2975487305305436, "noise_1_mlp1_var": 0.4199733682303066, "noise_1_mlp2_var": 0.29532379358154165, "noise_1_mlp3_var": 0.46155733343884414, "noise_1_mlp4_var": 0.7161114583191889}