{"cell_id": 510136749, "noise_1_mlp0_var": 0.49709606635044973, "noise_1_mlp1_var": 0.3947099840179858, "noise_1_mlp2_var": 0.42619664400565194, "noise_1_mlp3_var": 0.4502471637714304, "noise_1_mlp4_var": 0.5611206758214901}