{"cell_id": 510658021, "noise_1_mlp0_var": 0.5758478083305116, "noise_1_mlp1_var": 0.66862893692679, "noise_1_mlp2_var": 0.6107927057737306, "noise_1_mlp3_var": 0.4212888556889623, "noise_1_mlp4_var": 0.6026988221463376}