{"cell_id": 510715606, "noise_1_mlp0_var": 0.9257913141521799, "noise_1_mlp1_var": 0.9192972015593819, "noise_1_mlp2_var": 0.8875892008609001, "noise_1_mlp3_var": 0.8694968006766751, "noise_1_mlp4_var": 0.9305235061920554}