{"cell_id": 512322162, "noise_1_base_var": 0.5567600056247436, "noise_1_mlp0_var": 0.6585539635235909, "noise_1_mlp1_var": 0.7258717094542639, "noise_1_mlp2_var": 0.6899199164826092, "noise_1_mlp3_var": 0.6521321482329141, "noise_1_mlp4_var": 0.6200535148783267}