{"cell_id": 512319604, "noise_1_mlp0_var": 0.3238155531444367, "noise_1_mlp1_var": 0.4422719440173589, "noise_1_mlp2_var": 0.1739871578273296, "noise_1_mlp3_var": 0.4361856388191118, "noise_1_mlp4_var": 0.547949048238816}