{"cell_id": 513510227, "noise_1_base_var": 0.7180691933078741, "noise_1_mlp0_var": 0.571489085190185, "noise_1_mlp1_var": 0.6333904095952341, "noise_1_mlp2_var": 0.5769950626016684, "noise_1_mlp3_var": 0.5633710428740103, "noise_1_mlp4_var": 0.5841867096846164}