{"cell_id": 514767977, "noise_1_base_var": 0.823268094077729, "noise_1_mlp0_var": 0.7555225891098692, "noise_1_mlp1_var": 0.6751206878006065, "noise_1_mlp2_var": 0.7877357203312434, "noise_1_mlp3_var": 0.7823055895558373, "noise_1_mlp4_var": 0.15598606166898346}