{"cell_id": 514824979, "noise_1_base_var": 0.673258163433216, "noise_1_mlp0_var": 0.688914414585982, "noise_1_mlp1_var": 0.7887671197898152, "noise_1_mlp2_var": 0.7650502430300146, "noise_1_mlp3_var": 0.6986670827813731, "noise_1_mlp4_var": 0.7811416495954745}