{"cell_id": 515249852, "noise_1_base_var": 0.5583592310566268, "noise_1_mlp0_var": 0.790670723273138, "noise_1_mlp1_var": 0.7766482419639515, "noise_1_mlp2_var": 0.7274031532875154, "noise_1_mlp3_var": 0.7753444183785082, "noise_1_mlp4_var": 0.7606105560787236}