{"cell_id": 515315072, "noise_1_mlp0_var": 0.2446290302141904, "noise_1_mlp1_var": 0.23203901171162836, "noise_1_mlp2_var": 0.2441440693773, "noise_1_mlp3_var": 0.40377649099900464, "noise_1_mlp4_var": 0.32761785500634993}