{"cell_id": 515435668, "noise_1_mlp0_var": 0.6660983074869078, "noise_1_mlp1_var": 0.5215546572454877, "noise_1_mlp2_var": 0.5577677258531947, "noise_1_mlp3_var": 0.6043810150837857, "noise_1_mlp4_var": 0.7267615369524374}