{"cell_id": 515524026, "noise_1_base_var": 0.29436749846813015, "noise_1_mlp0_var": 0.0, "noise_1_mlp1_var": 0.44632515167890074, "noise_1_mlp2_var": 0.22769743001054357, "noise_1_mlp3_var": 0.36217689929288854, "noise_1_mlp4_var": 0.45874623391320324}