{"cell_id": 515986607, "noise_1_mlp0_var": 0.4857701223566006, "noise_1_mlp1_var": 0.6427012683003213, "noise_1_mlp2_var": 0.5891807535430132, "noise_1_mlp3_var": 0.5605130469561236, "noise_1_mlp4_var": 0.47032822433398497}