{"cell_id": 517077548, "noise_1_base_var": 0.7115593132534914, "noise_1_mlp0_var": 0.6546257672776379, "noise_1_mlp1_var": 0.29336207206917375, "noise_1_mlp2_var": 0.4359685101216891, "noise_1_mlp3_var": 0.6705511747013114, "noise_1_mlp4_var": 0.5612735423832391}