{"cell_id": 517319635, "noise_1_base_var": 0.611297630440954, "noise_1_mlp0_var": 0.3361570599907902, "noise_1_mlp1_var": 0.0, "noise_1_mlp2_var": 0.24774959128370858, "noise_1_mlp3_var": 0.3531805488631328, "noise_1_mlp4_var": 0.6726580443462699}