{"cell_id": 517345160, "noise_1_base_var": 0.257269654908908, "noise_1_mlp0_var": 0.3107516246884528, "noise_1_mlp1_var": 0.4635156616684588, "noise_1_mlp2_var": 0.3256629311446077, "noise_1_mlp3_var": 0.0, "noise_1_mlp4_var": 0.17705739611653723}