{"cell_id": 517647182, "noise_1_base_var": 0.5183764227681993, "noise_1_mlp0_var": 0.5187621579607808, "noise_1_mlp1_var": 0.6137335941519381, "noise_1_mlp2_var": 0.40999881488592965, "noise_1_mlp3_var": 0.5428156283184559, "noise_1_mlp4_var": 0.44794784184502573}