{"cell_id": 519749342, "noise_1_base_var": 0.4309646340332183, "noise_1_mlp0_var": 0.38659661205794554, "noise_1_mlp1_var": 0.4991460372256099, "noise_1_mlp2_var": 0.0, "noise_1_mlp3_var": 0.5205718086925273, "noise_1_mlp4_var": 0.6087232703544503}