{"cell_id": 521409057, "noise_1_base_var": 0.5740369991789731, "noise_1_mlp0_var": 0.5604170223255482, "noise_1_mlp1_var": 0.7034635038905903, "noise_1_mlp2_var": 0.657103467640195, "noise_1_mlp3_var": 0.7356618512755828, "noise_1_mlp4_var": 0.6561308768964138}