{"cell_id": 521938313, "noise_1_base_var": 0.7285831529290117, "noise_1_mlp0_var": 0.749612825608307, "noise_1_mlp1_var": 0.7714387941627996, "noise_1_mlp2_var": 0.783384856910353, "noise_1_mlp3_var": 0.8075575608550213, "noise_1_mlp4_var": 0.8325825249522827}