{"cell_id": 522152249, "noise_1_base_var": 0.45292600736838357, "noise_1_mlp0_var": 0.6318764984327643, "noise_1_mlp1_var": 0.6047298519892015, "noise_1_mlp2_var": 0.6121243216965078, "noise_1_mlp3_var": 0.6128153000603545, "noise_1_mlp4_var": 0.633829178719653}