{"cell_id": 523748610, "noise_1_base_var": 0.8362677996171142, "noise_1_mlp0_var": 0.5775800691513338, "noise_1_mlp1_var": 0.5651194104993321, "noise_1_mlp2_var": 0.6606535610169204, "noise_1_mlp3_var": 0.6281919107078705, "noise_1_mlp4_var": 0.7086782762567626}