{"cell_id": 524689239, "noise_1_base_var": 0.8091268787294704, "noise_1_mlp0_var": 0.7440699757541823, "noise_1_mlp1_var": 0.706347799152836, "noise_1_mlp2_var": 0.6340256368376472, "noise_1_mlp3_var": 0.7043710272042069, "noise_1_mlp4_var": 0.679388332352035}