{"cell_id": 524850271, "noise_1_base_var": 0.2727142133425691, "noise_1_mlp0_var": 0.0, "noise_1_mlp1_var": 0.3048726925827047, "noise_1_mlp2_var": 0.19599795498635877, "noise_1_mlp3_var": 0.20737723772913602, "noise_1_mlp4_var": 0.0}