{"cell_id": 526531616, "noise_1_base_var": 0.8949041681739411, "noise_1_mlp0_var": 0.6465910177970302, "noise_1_mlp1_var": 0.794526174332134, "noise_1_mlp2_var": 0.7099879451742374, "noise_1_mlp3_var": 0.7913704998598564, "noise_1_mlp4_var": 0.855773102338367}