{"cell_id": 526573598, "noise_1_mlp0_var": 0.49291811070429425, "noise_1_mlp1_var": 0.6195690071141635, "noise_1_mlp2_var": 0.4501188396787486, "noise_1_mlp3_var": 0.4404929211658579, "noise_1_mlp4_var": 0.573722469126352}