{"cell_id": 526643573, "noise_1_mlp0_var": 0.5434817433748694, "noise_1_mlp1_var": 0.5453311805204509, "noise_1_mlp2_var": 0.5261321449624375, "noise_1_mlp3_var": 0.6510176384300619, "noise_1_mlp4_var": 0.5571414106511439}