{"cell_id": 526950199, "noise_1_base_var": 0.514623572454468, "noise_1_mlp0_var": 0.4243117756032339, "noise_1_mlp1_var": 0.4012314858061126, "noise_1_mlp2_var": 0.5073702186684071, "noise_1_mlp3_var": 0.4026509530492949, "noise_1_mlp4_var": 0.43740344440046963}