{"cell_id": 527095729, "noise_1_base_var": 0.9461566752245352, "noise_1_mlp0_var": 0.7106074521854617, "noise_1_mlp1_var": 0.6258327960487371, "noise_1_mlp2_var": 0.6999949109301935, "noise_1_mlp3_var": 0.6187530942228379, "noise_1_mlp4_var": 0.704992887558877}