{"cell_id": 527116037, "noise_1_mlp0_var": 0.7137728106609198, "noise_1_mlp1_var": 0.6382127572614834, "noise_1_mlp2_var": 0.1107913650113846, "noise_1_mlp3_var": 0.5727306787795016, "noise_1_mlp4_var": 0.0}