{"cell_id": 527869035, "noise_1_base_var": 0.8986671262647384, "noise_1_mlp0_var": 0.6838122347938185, "noise_1_mlp1_var": 0.7427760112178058, "noise_1_mlp2_var": 0.7544207297232635, "noise_1_mlp3_var": 0.7862580937245264, "noise_1_mlp4_var": 0.5868550808785115}