{"cell_id": 530731648, "noise_1_mlp0_var": 0.49299501575628135, "noise_1_mlp1_var": 0.5013841110340715, "noise_1_mlp2_var": 0.0, "noise_1_mlp3_var": 0.39445811839334183, "noise_1_mlp4_var": 0.26220957640411097}