{"cell_id": 534141324, "noise_1_base_var": 0.93145954913352, "noise_1_mlp0_var": 0.7132205444339856, "noise_1_mlp1_var": 0.7132205444339856, "noise_1_mlp2_var": 0.702557523519334, "noise_1_mlp3_var": 0.7066905190688708, "noise_1_mlp4_var": 0.6209637203231202}