{"cell_id": 535728342, "noise_1_base_var": 0.806799713669408, "noise_1_mlp0_var": 0.7834917761153815, "noise_1_mlp1_var": 0.7329561938199812, "noise_1_mlp2_var": 0.6898302080546693, "noise_1_mlp3_var": 0.8612861095503307, "noise_1_mlp4_var": 0.8687592445619309}