{"cell_id": 535708196, "noise_1_base_var": -0.0014765926850343646, "noise_1_mlp0_var": 0.02347565348583796, "noise_1_mlp1_var": 0.0, "noise_1_mlp2_var": 0.13724881448371865, "noise_1_mlp3_var": 0.035253545787050894, "noise_1_mlp4_var": 0.15981609872536837}