{"cell_id": 539014038, "noise_1_mlp0_var": 0.8576551105572536, "noise_1_mlp1_var": 0.8378051212198352, "noise_1_mlp2_var": 0.8349227418698228, "noise_1_mlp3_var": 0.9358525178834408, "noise_1_mlp4_var": 0.8537813119932286}