{"cell_id": 547262585, "noise_1_base_var": 0.5325192743412159, "noise_1_mlp0_var": 0.5419198367322932, "noise_1_mlp1_var": 0.5191618636145553, "noise_1_mlp2_var": 0.5973934677646655, "noise_1_mlp3_var": 0.5507879500091705, "noise_1_mlp4_var": 0.48221634546943826}