{"cell_id": 547325858, "noise_1_base_var": 0.636420002293084, "noise_1_mlp0_var": 0.4142984368826523, "noise_1_mlp1_var": 0.19463686808723862, "noise_1_mlp2_var": 0.0, "noise_1_mlp3_var": 0.62315170089678, "noise_1_mlp4_var": 0.4233730435742416}