{"cell_id": 547344442, "noise_1_base_var": 0.5997858459977279, "noise_1_mlp0_var": 0.41589477177621215, "noise_1_mlp1_var": 0.38748236137249076, "noise_1_mlp2_var": 0.5282024476833328, "noise_1_mlp3_var": 0.5199456186359638, "noise_1_mlp4_var": 0.5408259065580631}