{"cell_id": 554454458, "noise_1_mlp0_var": 0.0, "noise_1_mlp1_var": 0.0, "noise_1_mlp2_var": 0.6544900967908944, "noise_1_mlp3_var": 0.142151242175796, "noise_1_mlp4_var": 0.5988306563616891}