{"cell_id": 554779051, "noise_1_mlp0_var": 0.9229331678155855, "noise_1_mlp1_var": 0.7520750271092368, "noise_1_mlp2_var": 0.8961551694197712, "noise_1_mlp3_var": 0.9255988834985541, "noise_1_mlp4_var": 0.9389255030516799}