{"cell_id": 554807924, "noise_1_mlp0_var": 0.9605713844843874, "noise_1_mlp1_var": 0.9506422834780246, "noise_1_mlp2_var": 0.9458076743843389, "noise_1_mlp3_var": 0.913988642963284, "noise_1_mlp4_var": 0.9639431885116223}