{"cell_id": 555089724, "noise_1_base_var": 0.6528953492095879, "noise_1_mlp0_var": 0.7445962877708403, "noise_1_mlp1_var": 0.6066484619051149, "noise_1_mlp2_var": 0.7437782674293393, "noise_1_mlp3_var": 0.7774168859194578, "noise_1_mlp4_var": 0.7446841326795592}