{"cell_id": 555001065, "noise_1_mlp0_var": 0.5232802843004122, "noise_1_mlp1_var": 0.3846588520346035, "noise_1_mlp2_var": 0.44569716657983977, "noise_1_mlp3_var": 0.3989985779890141, "noise_1_mlp4_var": 0.6338560780011844}