{"cell_id": 555019563, "noise_1_mlp0_var": 0.37957919542024166, "noise_1_mlp1_var": 0.3973018223510977, "noise_1_mlp2_var": 0.4539331892434041, "noise_1_mlp3_var": 0.4349009439374524, "noise_1_mlp4_var": 0.6163632026172217}