{"cell_id": 555241040, "noise_1_mlp0_var": 0.7488973537735791, "noise_1_mlp1_var": 0.7583743430581249, "noise_1_mlp2_var": 0.7641911363700101, "noise_1_mlp3_var": 0.7298320812157834, "noise_1_mlp4_var": 0.8154263159878461}