{"cell_id": 555345752, "noise_1_base_var": 0.9412032871564061, "noise_1_mlp0_var": 0.6695661073459813, "noise_1_mlp1_var": 0.641347835026754, "noise_1_mlp2_var": 0.7214663293618117, "noise_1_mlp3_var": 0.7015975663719763, "noise_1_mlp4_var": 0.7395036324228028}