{"cell_id": 555697303, "noise_1_base_var": 0.7971339099260228, "noise_1_mlp0_var": 0.761663189346646, "noise_1_mlp1_var": 0.7621160663580703, "noise_1_mlp2_var": 0.6411626066694132, "noise_1_mlp3_var": 0.7437125952128342, "noise_1_mlp4_var": 0.760586162743701}