{"cell_id": 556923554, "noise_1_mlp0_var": 0.6841507154497073, "noise_1_mlp1_var": 0.6933865553968587, "noise_1_mlp2_var": 0.6733896784947975, "noise_1_mlp3_var": 0.7709282013601951, "noise_1_mlp4_var": 0.7758600485230245}