{"cell_id": 556968207, "noise_1_base_var": 0.8607511941264738, "noise_1_mlp0_var": 0.6692982447511832, "noise_1_mlp1_var": 0.7772123485842798, "noise_1_mlp2_var": 0.72349340424888, "noise_1_mlp3_var": 0.7261958582470416, "noise_1_mlp4_var": 0.7821223405280859}