{"cell_id": 557037024, "noise_1_mlp0_var": 0.6282971770407908, "noise_1_mlp1_var": 0.6681321748998206, "noise_1_mlp2_var": 0.6874789865327544, "noise_1_mlp3_var": 0.5356733570580269, "noise_1_mlp4_var": 0.6574740078710439}