{"cell_id": 557261437, "noise_1_base_var": 0.8049252469577771, "noise_1_mlp0_var": 0.7685620405211048, "noise_1_mlp1_var": 0.7763609417498663, "noise_1_mlp2_var": 0.7813214462497682, "noise_1_mlp3_var": 0.7877369340720362, "noise_1_mlp4_var": 0.44545471600406056}