{"cell_id": 557252022, "noise_1_base_var": 0.4501043978222674, "noise_1_mlp0_var": 0.49319480277938854, "noise_1_mlp1_var": 0.5981563903259852, "noise_1_mlp2_var": 0.5461457675917665, "noise_1_mlp3_var": 0.5676684561752554, "noise_1_mlp4_var": 0.5060645444522365}