{"cell_id": 557864274, "noise_1_base_var": 0.18700496469481415, "noise_1_mlp0_var": 0.17809808160461074, "noise_1_mlp1_var": 0.17432430804191815, "noise_1_mlp2_var": 0.1278046019141194, "noise_1_mlp3_var": 0.16792948985483697, "noise_1_mlp4_var": 0.19257962643452134}