{"cell_id": 557998843, "noise_1_base_var": 0.556463010503529, "noise_1_mlp0_var": 0.4914613432894348, "noise_1_mlp1_var": 0.5628354917902159, "noise_1_mlp2_var": 0.588236401010495, "noise_1_mlp3_var": 0.6078901146274254, "noise_1_mlp4_var": 0.6173749410095162}