{"cell_id": 559387643, "noise_1_base_var": 0.6865705121527635, "noise_1_mlp0_var": 0.46829146235279817, "noise_1_mlp1_var": 0.4875283913627861, "noise_1_mlp2_var": 0.5942220021859878, "noise_1_mlp3_var": 0.5084602583371544, "noise_1_mlp4_var": 0.5636298208460084}