{"cell_id": 560678143, "noise_1_mlp0_var": 0.4222372475098627, "noise_1_mlp1_var": 0.5989972795788748, "noise_1_mlp2_var": 0.4131009717876081, "noise_1_mlp3_var": 0.4390193719361556, "noise_1_mlp4_var": 0.39442748907758}