{"cell_id": 560753350, "noise_1_base_var": 0.579989727953116, "noise_1_mlp0_var": 0.6099098356996252, "noise_1_mlp1_var": 0.23250654688841083, "noise_1_mlp2_var": 0.5604563517486476, "noise_1_mlp3_var": 0.5640910522503562, "noise_1_mlp4_var": 0.5692563493053856}