{"cell_id": 560965993, "noise_1_base_var": 0.8197218155956149, "noise_1_mlp0_var": 0.6211309198109942, "noise_1_mlp1_var": 0.626633364852724, "noise_1_mlp2_var": 0.692517703524571, "noise_1_mlp3_var": 0.6787363353321081, "noise_1_mlp4_var": 0.6448821100366915}