{"cell_id": 560992553, "noise_1_mlp0_var": 0.6906305062901474, "noise_1_mlp1_var": 0.6759318500692545, "noise_1_mlp2_var": 0.6421797441894843, "noise_1_mlp3_var": 0.598622176251083, "noise_1_mlp4_var": 0.664512947257039}