{"cell_id": 561325425, "noise_1_base_var": 0.9171613075324727, "noise_1_mlp0_var": 0.9056461444267291, "noise_1_mlp1_var": 0.9327105447825955, "noise_1_mlp2_var": 0.9212785434032287, "noise_1_mlp3_var": 0.9118691643808636, "noise_1_mlp4_var": 0.9294066728316741}