{"cell_id": 561517025, "noise_1_base_var": 0.951561255327736, "noise_1_mlp0_var": 0.9598487919574651, "noise_1_mlp1_var": 0.9376770536998245, "noise_1_mlp2_var": 0.8664190590218803, "noise_1_mlp3_var": 0.8843331732191975, "noise_1_mlp4_var": 0.9396383836158363}