{"cell_id": 561985849, "noise_1_mlp0_var": 0.0, "noise_1_mlp1_var": 0.23671880633931988, "noise_1_mlp2_var": 0.06954498027741085, "noise_1_mlp3_var": 0.835327513606447, "noise_1_mlp4_var": 0.8221874828158203}