{"cell_id": 561934585, "noise_1_base_var": 0.7274662580440044, "noise_1_mlp0_var": 0.56971917394627, "noise_1_mlp1_var": 0.4911194357443713, "noise_1_mlp2_var": 0.6207620320594387, "noise_1_mlp3_var": 0.5997839848107958, "noise_1_mlp4_var": 0.530449622591936}