{"cell_id": 562003142, "noise_1_mlp0_var": 0.534236303028879, "noise_1_mlp1_var": 0.5433223371114128, "noise_1_mlp2_var": 0.49455046834554833, "noise_1_mlp3_var": 0.5541770938249048, "noise_1_mlp4_var": 0.5726043658187185}