{"cell_id": 562632795, "noise_1_mlp0_var": 0.35723273760376206, "noise_1_mlp1_var": 0.7120516278276875, "noise_1_mlp2_var": 0.3996840184755982, "noise_1_mlp3_var": 0.45827807657339326, "noise_1_mlp4_var": 0.4560502568819082}