{"cell_id": 563226105, "noise_1_base_var": 0.19208666198607993, "noise_1_mlp0_var": 0.5436043073156958, "noise_1_mlp1_var": 0.5177539178024879, "noise_1_mlp2_var": 0.4613912833520767, "noise_1_mlp3_var": 0.4889745199139223, "noise_1_mlp4_var": 0.4339661581764299}