{"cell_id": 564349611, "noise_1_base_var": 0.8098304057202519, "noise_1_mlp0_var": 0.6806995962384066, "noise_1_mlp1_var": 0.7292799672385788, "noise_1_mlp2_var": 0.7709107272149077, "noise_1_mlp3_var": 0.7711799282181063, "noise_1_mlp4_var": 0.7748807647536372}