{"cell_id": 564346637, "noise_1_base_var": 0.4153718530279806, "noise_1_mlp0_var": 0.5002596228159619, "noise_1_mlp1_var": 0.1481191807388771, "noise_1_mlp2_var": 0.06267038922561323, "noise_1_mlp3_var": 0.11527661822127203, "noise_1_mlp4_var": 0.0}