{"cell_id": 565209132, "noise_1_base_var": 0.522455900929736, "noise_1_mlp0_var": 0.0, "noise_1_mlp1_var": 0.6075471965914384, "noise_1_mlp2_var": 0.0, "noise_1_mlp3_var": 0.0, "noise_1_mlp4_var": 0.0}