{"cell_id": 565459685, "noise_1_mlp0_var": 0.5409964460758013, "noise_1_mlp1_var": 0.6121866856626766, "noise_1_mlp2_var": 0.6868764475193153, "noise_1_mlp3_var": 0.7722785267566532, "noise_1_mlp4_var": 0.5882761383080497}