{"cell_id": 565407476, "noise_1_base_var": 0.407857686127605, "noise_1_mlp0_var": 0.0, "noise_1_mlp1_var": 0.38578329875361006, "noise_1_mlp2_var": 0.0, "noise_1_mlp3_var": 0.4678718200845678, "noise_1_mlp4_var": 0.468436043995243}