{"cell_id": 565462089, "noise_1_mlp0_var": 0.9653714914121925, "noise_1_mlp1_var": 0.9579186756977451, "noise_1_mlp2_var": 0.9242223658300703, "noise_1_mlp3_var": 0.9410321038773484, "noise_1_mlp4_var": 0.9626442274218652}