{"cell_id": 565415071, "noise_1_base_var": 0.9444628164725843, "noise_1_mlp0_var": 0.9254647317793585, "noise_1_mlp1_var": 0.9775047963380926, "noise_1_mlp2_var": 0.952401259061584, "noise_1_mlp3_var": 0.9529539417162857, "noise_1_mlp4_var": 0.9484284075441085}