{"cell_id": 565888394, "noise_1_base_var": 0.8173680501542387, "noise_1_mlp0_var": 0.7503258421981214, "noise_1_mlp1_var": 0.7548356599029606, "noise_1_mlp2_var": 0.7347056958811701, "noise_1_mlp3_var": 0.7570949361487668, "noise_1_mlp4_var": 0.6950714026915253}