{"cell_id": 565880475, "noise_1_base_var": 0.7876676423793122, "noise_1_mlp0_var": 0.8078186182526788, "noise_1_mlp1_var": 0.6981112576878817, "noise_1_mlp2_var": 0.0, "noise_1_mlp3_var": 0.5510814898906539, "noise_1_mlp4_var": 0.28102178027715435}