{"cell_id": 565866518, "noise_1_base_var": 0.9645049478510572, "noise_1_mlp0_var": 0.8004868623219598, "noise_1_mlp1_var": 0.8290603732546158, "noise_1_mlp2_var": 0.8632801233892171, "noise_1_mlp3_var": 0.7696964042531822, "noise_1_mlp4_var": 0.7857981270553348}