{"cell_id": 565863515, "noise_1_base_var": 0.723739918743785, "noise_1_mlp0_var": 0.7476050900150225, "noise_1_mlp1_var": 0.6050802755228109, "noise_1_mlp2_var": 0.6593323228345952, "noise_1_mlp3_var": 0.6727594887159305, "noise_1_mlp4_var": 0.4619325040804598}