{"cell_id": 566541912, "noise_1_base_var": 0.6395352139657992, "noise_1_mlp0_var": 0.7251281742525545, "noise_1_mlp1_var": 0.7746428444215211, "noise_1_mlp2_var": 0.7700621955213085, "noise_1_mlp3_var": 0.7892642312047887, "noise_1_mlp4_var": 0.721042851248129}