{"cell_id": 566671538, "noise_1_base_var": 0.542621178035114, "noise_1_mlp0_var": 0.5942186816545719, "noise_1_mlp1_var": 0.548301139777414, "noise_1_mlp2_var": 0.6539469165711216, "noise_1_mlp3_var": 0.6379224722939261, "noise_1_mlp4_var": 0.5782099550647078}