{"cell_id": 566647353, "noise_1_mlp0_var": 0.4773171344349425, "noise_1_mlp1_var": 0.12136148159646404, "noise_1_mlp2_var": 0.12809731102394728, "noise_1_mlp3_var": 0.3517917620382082, "noise_1_mlp4_var": 0.27764424460313775}