{"cell_id": 566761793, "noise_1_base_var": 0.7347765377610288, "noise_1_mlp0_var": 0.7846978578499969, "noise_1_mlp1_var": 0.7798929072637829, "noise_1_mlp2_var": 0.0, "noise_1_mlp3_var": 0.683740599220862, "noise_1_mlp4_var": 0.5971926102790494}