{"cell_id": 567007144, "noise_1_base_var": 0.41877316433089545, "noise_1_mlp0_var": 0.3091948005668015, "noise_1_mlp1_var": 0.5174936133254259, "noise_1_mlp2_var": 0.0, "noise_1_mlp3_var": 0.5230052425373891, "noise_1_mlp4_var": 0.0}