{"cell_id": 567029686, "noise_1_base_var": 0.3521216107504901, "noise_1_mlp0_var": 0.0, "noise_1_mlp1_var": 0.3822395598626972, "noise_1_mlp2_var": 0.40227423600739926, "noise_1_mlp3_var": 0.4561048795687926, "noise_1_mlp4_var": 0.4733748186921576}