{"cell_id": 567354967, "noise_1_base_var": 0.6892300861900341, "noise_1_mlp0_var": 0.3876070073831878, "noise_1_mlp1_var": 0.1257940885863846, "noise_1_mlp2_var": 0.616189035224063, "noise_1_mlp3_var": 0.2957183665751745, "noise_1_mlp4_var": 0.5694939704275538}