{"cell_id": 567320213, "noise_1_base_var": 0.5530607408961015, "noise_1_mlp0_var": 0.351940822036188, "noise_1_mlp1_var": 0.3959621282406425, "noise_1_mlp2_var": 0.3845180889042603, "noise_1_mlp3_var": 0.32832010870472483, "noise_1_mlp4_var": 0.3715592155874348}