{"cell_id": 567952169, "noise_1_mlp0_var": 0.873531149256824, "noise_1_mlp1_var": 0.781919583759725, "noise_1_mlp2_var": 0.8495534039960789, "noise_1_mlp3_var": 0.8502127584176626, "noise_1_mlp4_var": 0.8286096768539112}