{"cell_id": 567927838, "noise_1_mlp0_var": 0.7151196742293814, "noise_1_mlp1_var": 0.8610329352459463, "noise_1_mlp2_var": 0.7996870514853498, "noise_1_mlp3_var": 0.8164137433033256, "noise_1_mlp4_var": 0.7801167215374627}