{"cell_id": 568568071, "noise_1_mlp0_var": 0.0, "noise_1_mlp1_var": 0.23668870223320598, "noise_1_mlp2_var": 0.2982945603140557, "noise_1_mlp3_var": 0.30128392447623875, "noise_1_mlp4_var": 0.22642460251038926}