{"cell_id": 569072334, "noise_1_base_var": 0.9155425986296281, "noise_1_mlp0_var": 0.9346526389247143, "noise_1_mlp1_var": 0.9257273543336962, "noise_1_mlp2_var": 0.8708196999514637, "noise_1_mlp3_var": 0.8961624549143251, "noise_1_mlp4_var": 0.9011245392988819}