{"cell_id": 569494755, "noise_1_base_var": 0.599854126685723, "noise_1_mlp0_var": 0.5146346870348171, "noise_1_mlp1_var": 0.6992420178882703, "noise_1_mlp2_var": 0.0898126094327055, "noise_1_mlp3_var": 0.11790049986813253, "noise_1_mlp4_var": 0.6906460090635249}