{"cell_id": 569670455, "noise_1_base_var": 0.4034012549384084, "noise_1_mlp0_var": 0.3993865002577111, "noise_1_mlp1_var": 0.33660449026004186, "noise_1_mlp2_var": 0.35155750844026806, "noise_1_mlp3_var": 0.3961386981504731, "noise_1_mlp4_var": 0.4102779173947736}