{"cell_id": 569723405, "noise_1_mlp0_var": 0.9326760209252498, "noise_1_mlp1_var": 0.9757703948656855, "noise_1_mlp2_var": 0.9603377956290629, "noise_1_mlp3_var": 0.9787377058933657, "noise_1_mlp4_var": 0.9578020485312404}