{"cell_id": 569810649, "noise_1_base_var": 0.5550093560883892, "noise_1_mlp0_var": 0.6751093289066955, "noise_1_mlp1_var": 0.5075390619204655, "noise_1_mlp2_var": 0.6059259875360558, "noise_1_mlp3_var": 0.6009048746059251, "noise_1_mlp4_var": 0.0}