{"cell_id": 569809287, "noise_1_base_var": 0.6317682922457059, "noise_1_mlp0_var": 0.7130023193796458, "noise_1_mlp1_var": 0.6609209691491237, "noise_1_mlp2_var": 0.10227697017426848, "noise_1_mlp3_var": 0.6475129431475711, "noise_1_mlp4_var": 0.5212571431812095}