{"cell_id": 569958754, "noise_1_mlp0_var": 0.13500763983680295, "noise_1_mlp1_var": 0.0, "noise_1_mlp2_var": 0.3569631474407348, "noise_1_mlp3_var": 0.13776102148984776, "noise_1_mlp4_var": 0.35861529976057116}