{"cell_id": 569998790, "noise_1_mlp0_var": 0.8189921146251061, "noise_1_mlp1_var": 0.8488847249474745, "noise_1_mlp2_var": 0.8421089387898391, "noise_1_mlp3_var": 0.8421089387898391, "noise_1_mlp4_var": 0.8231499252790887}