{"cell_id": 569965244, "noise_1_mlp0_var": 0.7936997532407728, "noise_1_mlp1_var": 0.7463211697643827, "noise_1_mlp2_var": 0.7965429162966583, "noise_1_mlp3_var": 0.789330538066573, "noise_1_mlp4_var": 0.7562432631966354}