{"cell_id": 570438732, "noise_1_base_var": 0.582368007967428, "noise_1_mlp0_var": 0.4467124230821937, "noise_1_mlp1_var": 0.4671616747023295, "noise_1_mlp2_var": 0.4777905801649573, "noise_1_mlp3_var": 0.5282268863102584, "noise_1_mlp4_var": 0.46016290581681174}