{"cell_id": 570946690, "noise_1_mlp0_var": 0.9312812661174396, "noise_1_mlp1_var": 0.952581092309062, "noise_1_mlp2_var": 0.921258264617942, "noise_1_mlp3_var": 0.9233622710364534, "noise_1_mlp4_var": 0.9189087973875179}