{"cell_id": 571379222, "noise_1_mlp0_var": 0.529056558403272, "noise_1_mlp1_var": 0.8455416624950234, "noise_1_mlp2_var": 0.8665288059672541, "noise_1_mlp3_var": 0.9400715145543896, "noise_1_mlp4_var": 0.8518814101719557}