{"cell_id": 571396942, "noise_1_base_var": 0.9575634170191654, "noise_1_mlp0_var": 0.9093029612039256, "noise_1_mlp1_var": 0.9354353275244487, "noise_1_mlp2_var": 0.9511168840399998, "noise_1_mlp3_var": 0.9379261489189479, "noise_1_mlp4_var": 0.9342645447249591}