{"cell_id": 571306690, "noise_1_mlp0_var": 0.0, "noise_1_mlp1_var": 0.11032745591226105, "noise_1_mlp2_var": 0.0, "noise_1_mlp3_var": 0.5684265157876368, "noise_1_mlp4_var": 0.09915532693324185}