{"cell_id": 573404307, "noise_1_base_var": 0.9696594768767965, "noise_1_mlp0_var": 0.9618112833802486, "noise_1_mlp1_var": 0.9560201509990345, "noise_1_mlp2_var": 0.9056414592589763, "noise_1_mlp3_var": 0.9505069198957422, "noise_1_mlp4_var": 0.9296552479905132}