{"cell_id": 573622646, "noise_1_base_var": 0.9614132532958987, "noise_1_mlp0_var": 0.9099737939844172, "noise_1_mlp1_var": 0.9054758907790089, "noise_1_mlp2_var": 0.9224132143602454, "noise_1_mlp3_var": 0.9351627055408495, "noise_1_mlp4_var": 0.9070786735958486}