{"cell_id": 574059157, "noise_1_mlp0_var": 0.03261643559428092, "noise_1_mlp1_var": 0.18591134206180632, "noise_1_mlp2_var": 0.8758651587397099, "noise_1_mlp3_var": 0.12870869563777232, "noise_1_mlp4_var": 0.4767304250025662}