{"cell_id": 574036994, "noise_1_mlp0_var": 0.3376120795161474, "noise_1_mlp1_var": 0.0, "noise_1_mlp2_var": 0.2738444653343525, "noise_1_mlp3_var": 0.0, "noise_1_mlp4_var": 0.0}