{"cell_id": 574038330, "noise_1_base_var": 0.537166847585523, "noise_1_mlp0_var": 0.6049386186101966, "noise_1_mlp1_var": 0.0, "noise_1_mlp2_var": 0.4333807471777721, "noise_1_mlp3_var": 0.0, "noise_1_mlp4_var": 0.180124367090385}