{"cell_id": 574067499, "noise_1_mlp0_var": 0.9107486943504702, "noise_1_mlp1_var": 0.854796057765181, "noise_1_mlp2_var": 0.9164931722347154, "noise_1_mlp3_var": 0.9362189070040354, "noise_1_mlp4_var": 0.8853115765504311}