{"cell_id": 574377552, "noise_1_mlp0_var": 0.8510825828854824, "noise_1_mlp1_var": 0.8609020974581099, "noise_1_mlp2_var": 0.8544827813844758, "noise_1_mlp3_var": 0.882718709122939, "noise_1_mlp4_var": 0.8544827813844758}