{"cell_id": 574734127, "noise_1_base_var": 0.9394924224185862, "noise_1_mlp0_var": 0.6842504221489455, "noise_1_mlp1_var": 0.6413215845805526, "noise_1_mlp2_var": 0.6652543465356023, "noise_1_mlp3_var": 0.7482883253468127, "noise_1_mlp4_var": 0.6651595357381063}