{"cell_id": 574993444, "noise_1_mlp0_var": 0.3728163347487746, "noise_1_mlp1_var": 0.5315524910858646, "noise_1_mlp2_var": 0.6027451914387743, "noise_1_mlp3_var": 0.37119272543991616, "noise_1_mlp4_var": 0.646513416054589}