{"cell_id": 574992320, "noise_1_base_var": 0.9686650303727129, "noise_1_mlp0_var": 0.9135457636171349, "noise_1_mlp1_var": 0.9704884903979181, "noise_1_mlp2_var": 0.9528687607580084, "noise_1_mlp3_var": 0.9463426180674447, "noise_1_mlp4_var": 0.9044841693238853}