{"cell_id": 575642695, "noise_1_base_var": 0.621325626097806, "noise_1_mlp0_var": 0.30799054517929697, "noise_1_mlp1_var": 0.0, "noise_1_mlp2_var": 0.6290436509180352, "noise_1_mlp3_var": 0.4172821947555341, "noise_1_mlp4_var": 0.0}