{"cell_id": 575774870, "noise_1_base_var": 0.6881296910030307, "noise_1_mlp0_var": 0.6111292019087439, "noise_1_mlp1_var": 0.622005880909118, "noise_1_mlp2_var": 0.626662664014598, "noise_1_mlp3_var": 0.678894367175445, "noise_1_mlp4_var": 0.6774070462814851}