{"cell_id": 577218602, "noise_1_base_var": 0.08291069273181732, "noise_1_mlp0_var": 0.10831877276131048, "noise_1_mlp1_var": 0.13942446031220393, "noise_1_mlp2_var": 0.0988221914745536, "noise_1_mlp3_var": 0.13868598242612395, "noise_1_mlp4_var": 0.10592251587097526}