{"cell_id": 577369606, "noise_1_base_var": 0.6500631560864953, "noise_1_mlp0_var": 0.3214835066576604, "noise_1_mlp1_var": 0.53217985533879, "noise_1_mlp2_var": 0.47584511322210665, "noise_1_mlp3_var": 0.3728616076631752, "noise_1_mlp4_var": 0.5353254710563712}