{"cell_id": 578485753, "noise_1_base_var": 0.5683913070865133, "noise_1_mlp0_var": 0.6885242391737412, "noise_1_mlp1_var": 0.6767129924178132, "noise_1_mlp2_var": 0.6324785514363361, "noise_1_mlp3_var": 0.6781104859609135, "noise_1_mlp4_var": 0.6889299287589551}