{"cell_id": 578774163, "noise_1_base_var": 0.6559557898677122, "noise_1_mlp0_var": 0.5463976648235169, "noise_1_mlp1_var": 0.6036839687104019, "noise_1_mlp2_var": 0.5404915516676637, "noise_1_mlp3_var": 0.48890971326417176, "noise_1_mlp4_var": 0.47197316744472084}