{"cell_id": 578938153, "noise_1_base_var": 0.34936635512934905, "noise_1_mlp0_var": 0.5143657471523282, "noise_1_mlp1_var": 0.6177293547201103, "noise_1_mlp2_var": 0.4262126810264387, "noise_1_mlp3_var": 0.4344197378509256, "noise_1_mlp4_var": 0.47790753212370624}