{"cell_id": 579662957, "noise_1_base_var": 0.9519685054138137, "noise_1_mlp0_var": 0.9149218191707849, "noise_1_mlp1_var": 0.8928811479272255, "noise_1_mlp2_var": 0.9464772768486969, "noise_1_mlp3_var": 0.9509045845713819, "noise_1_mlp4_var": 0.9684323518340132}