{"cell_id": 579626068, "noise_1_base_var": 0.7699992638153454, "noise_1_mlp0_var": 0.788696990050934, "noise_1_mlp1_var": 0.719825253377473, "noise_1_mlp2_var": 0.7446694130966103, "noise_1_mlp3_var": 0.6910220072471727, "noise_1_mlp4_var": 0.8057354257649662}