{"cell_id": 580005568, "noise_1_base_var": 0.7680320776021885, "noise_1_mlp0_var": 0.6540421416243728, "noise_1_mlp1_var": 0.6632812702922551, "noise_1_mlp2_var": 0.751086692620716, "noise_1_mlp3_var": 0.7325843197183581, "noise_1_mlp4_var": 0.766398417624547}