{"cell_id": 580010290, "noise_1_base_var": 0.8106639847069231, "noise_1_mlp0_var": 0.733003918337148, "noise_1_mlp1_var": 0.8239134005371501, "noise_1_mlp2_var": 0.8644124873530908, "noise_1_mlp3_var": 0.8719762859839602, "noise_1_mlp4_var": 0.8249106301219877}