{"cell_id": 580014328, "noise_1_base_var": 0.7513726219511252, "noise_1_mlp0_var": 0.5740724240931686, "noise_1_mlp1_var": 0.5585098669898527, "noise_1_mlp2_var": 0.3331217326600751, "noise_1_mlp3_var": 0.580651139906423, "noise_1_mlp4_var": 0.41354119273216466}