{"cell_id": 580007431, "noise_1_base_var": 0.580479005067986, "noise_1_mlp0_var": 0.6113210312843795, "noise_1_mlp1_var": 0.5377668271847421, "noise_1_mlp2_var": 0.5236698611517263, "noise_1_mlp3_var": 0.7124208237412482, "noise_1_mlp4_var": 0.7157073035829946}