{"cell_id": 580161872, "noise_1_mlp0_var": 0.9319243950945243, "noise_1_mlp1_var": 0.9323190997252057, "noise_1_mlp2_var": 0.9534273089987167, "noise_1_mlp3_var": 0.8878021730613541, "noise_1_mlp4_var": 0.9379408896824001}