{"cell_id": 580162374, "noise_1_mlp0_var": 0.882422035267631, "noise_1_mlp1_var": 0.9454300820565187, "noise_1_mlp2_var": 0.8676860762756243, "noise_1_mlp3_var": 0.9031494733272232, "noise_1_mlp4_var": 0.8373827090990807}