{"cell_id": 580145037, "noise_1_base_var": 0.9313289031344641, "noise_1_mlp0_var": 0.9366836613558418, "noise_1_mlp1_var": 0.8327581012010007, "noise_1_mlp2_var": 0.8498113920487022, "noise_1_mlp3_var": 0.8549192005797456, "noise_1_mlp4_var": 0.8549628314509157}