{"cell_id": 582644266, "noise_1_base_var": 0.7591642896528548, "noise_1_mlp0_var": 0.7253033760401203, "noise_1_mlp1_var": 0.7424184178481552, "noise_1_mlp2_var": 0.7405838975229458, "noise_1_mlp3_var": 0.6383521981719973, "noise_1_mlp4_var": 0.7158196027995714}