{"cell_id": 582613001, "noise_1_base_var": 0.49108065595237516, "noise_1_mlp0_var": 0.32304316493991253, "noise_1_mlp1_var": 0.4673950827927071, "noise_1_mlp2_var": 0.48853895148066273, "noise_1_mlp3_var": 0.1874547311374154, "noise_1_mlp4_var": 0.4358602484010522}