{"cell_id": 582917630, "noise_1_base_var": 0.8084298372952853, "noise_1_mlp0_var": 0.5219758150646417, "noise_1_mlp1_var": 0.7844269886204698, "noise_1_mlp2_var": 0.7917509827229988, "noise_1_mlp3_var": 0.7746120805357175, "noise_1_mlp4_var": 0.8245528071179297}