{"cell_id": 583138568, "noise_1_base_var": 0.7507978659346273, "noise_1_mlp0_var": 0.5899218502449823, "noise_1_mlp1_var": 0.6513066802364382, "noise_1_mlp2_var": 0.6153001791025412, "noise_1_mlp3_var": 0.632682033282916, "noise_1_mlp4_var": 0.6181134610670684}