{"cell_id": 583138230, "noise_1_base_var": 0.849285995771451, "noise_1_mlp0_var": 0.40341392818320637, "noise_1_mlp1_var": 0.42343840965550567, "noise_1_mlp2_var": 0.624964161774394, "noise_1_mlp3_var": 0.627225906807521, "noise_1_mlp4_var": 0.6216468297739675}