{"cell_id": 583104750, "noise_1_mlp0_var": 0.08601276157497313, "noise_1_mlp1_var": 0.0, "noise_1_mlp2_var": 0.20586017785938626, "noise_1_mlp3_var": 0.0, "noise_1_mlp4_var": 0.0}