{"cell_id": 583146274, "noise_1_base_var": 0.6823449738038183, "noise_1_mlp0_var": 0.42263900306064944, "noise_1_mlp1_var": 0.362843408278798, "noise_1_mlp2_var": 0.6237475609261682, "noise_1_mlp3_var": 0.18472196807644312, "noise_1_mlp4_var": 0.6144965393419499}