{"cell_id": 583434059, "noise_1_mlp0_var": 0.910835573786955, "noise_1_mlp1_var": 0.9071874546709563, "noise_1_mlp2_var": 0.8905756239343804, "noise_1_mlp3_var": 0.8682117661143727, "noise_1_mlp4_var": 0.898137682510464}