{"cell_id": 584231995, "noise_1_mlp0_var": 0.6314473237972945, "noise_1_mlp1_var": 0.6020958889168762, "noise_1_mlp2_var": 0.652013838967283, "noise_1_mlp3_var": 0.6603776712042365, "noise_1_mlp4_var": 0.6696888258717139}