{"cell_id": 584682764, "noise_1_mlp0_var": 0.6027034794331083, "noise_1_mlp1_var": 0.616552671381431, "noise_1_mlp2_var": 0.5548324369852695, "noise_1_mlp3_var": 0.48311285345895977, "noise_1_mlp4_var": 0.08703026052955017}