{"cell_id": 584872371, "noise_1_base_var": 0.7361749091420328, "noise_1_mlp0_var": 0.7393272901805192, "noise_1_mlp1_var": 0.6596156919177237, "noise_1_mlp2_var": 0.7342101775060652, "noise_1_mlp3_var": 0.713679030470933, "noise_1_mlp4_var": 0.7141038842226037}