{"cell_id": 585805211, "noise_1_base_var": 0.9300835281816597, "noise_1_mlp0_var": 0.907992417860207, "noise_1_mlp1_var": 0.8847540958676661, "noise_1_mlp2_var": 0.8977162917602943, "noise_1_mlp3_var": 0.9557020430332377, "noise_1_mlp4_var": 0.8959828107328798}