{"cell_id": 585832440, "noise_1_base_var": 0.937858711984597, "noise_1_mlp0_var": 0.9374521087615496, "noise_1_mlp1_var": 0.9143629763746416, "noise_1_mlp2_var": 0.9339774372721673, "noise_1_mlp3_var": 0.9472262187810422, "noise_1_mlp4_var": 0.9484372882813625}