{"cell_id": 585841870, "noise_1_mlp0_var": 0.8729275340763675, "noise_1_mlp1_var": 0.7435980908509165, "noise_1_mlp2_var": 0.8843854638336989, "noise_1_mlp3_var": 0.966282409967395, "noise_1_mlp4_var": 0.9177948838162409}