{"cell_id": 585830272, "noise_1_mlp0_var": 0.06527685521337881, "noise_1_mlp1_var": 0.10478172727467047, "noise_1_mlp2_var": -0.003071796800527385, "noise_1_mlp3_var": 0.172138538704637, "noise_1_mlp4_var": 0.0}