{"cell_id": 585946742, "noise_1_base_var": 0.5375478014072255, "noise_1_mlp0_var": 0.540415860701888, "noise_1_mlp1_var": 0.5030156220227512, "noise_1_mlp2_var": 0.12718709839563072, "noise_1_mlp3_var": 0.5920642544438932, "noise_1_mlp4_var": 0.5641382134187389}