{"cell_id": 585947309, "noise_1_base_var": 0.9492306492535151, "noise_1_mlp0_var": 0.9262465107751938, "noise_1_mlp1_var": 0.9522758874347083, "noise_1_mlp2_var": 0.8833696419519653, "noise_1_mlp3_var": 0.9601400023650731, "noise_1_mlp4_var": 0.880288932224234}