{"cell_id": 585925172, "noise_1_mlp0_var": 0.5437918792635932, "noise_1_mlp1_var": 0.679050630530808, "noise_1_mlp2_var": 0.6963725282659226, "noise_1_mlp3_var": 0.7319763521893676, "noise_1_mlp4_var": 0.3627049312570043}