{"cell_id": 585944237, "noise_1_base_var": 0.7925302323280996, "noise_1_mlp0_var": 0.7161552154085205, "noise_1_mlp1_var": 0.7116335521358608, "noise_1_mlp2_var": 0.6955282483349572, "noise_1_mlp3_var": 0.66447391239858, "noise_1_mlp4_var": 0.7111300194846225}