{"cell_id": 585951863, "noise_1_base_var": 0.8771825267073294, "noise_1_mlp0_var": 0.9572211775241021, "noise_1_mlp1_var": 0.9363166937146925, "noise_1_mlp2_var": 0.8697144346121696, "noise_1_mlp3_var": 0.8267624130073338, "noise_1_mlp4_var": 0.5642398348818353}