{"cell_id": 585952606, "noise_1_base_var": 0.9122573975695395, "noise_1_mlp0_var": 0.87334925386242, "noise_1_mlp1_var": 0.9102218005030464, "noise_1_mlp2_var": 0.8865888146598693, "noise_1_mlp3_var": 0.9220493457781123, "noise_1_mlp4_var": 0.8909146489411627}