{"cell_id": 586073850, "noise_1_base_var": 0.9435311756099664, "noise_1_mlp0_var": 0.9483859709404856, "noise_1_mlp1_var": 0.9071061814317836, "noise_1_mlp2_var": 0.925671720361909, "noise_1_mlp3_var": 0.8754845855916551, "noise_1_mlp4_var": 0.9066564442739368}