{"cell_id": 586071425, "noise_1_base_var": 0.7652363599097401, "noise_1_mlp0_var": 0.5949517929923449, "noise_1_mlp1_var": 0.6523255064803325, "noise_1_mlp2_var": 0.6860015164121938, "noise_1_mlp3_var": 0.4781665831805761, "noise_1_mlp4_var": 0.5029158873920884}