{"cell_id": 586072188, "noise_1_base_var": 0.7890927831811707, "noise_1_mlp0_var": 0.5754405009731639, "noise_1_mlp1_var": 0.7125857446946954, "noise_1_mlp2_var": 0.6993663225747418, "noise_1_mlp3_var": 0.7053485342871452, "noise_1_mlp4_var": 0.6752599684399986}