{"cell_id": 586072783, "noise_1_base_var": 0.7888617728449423, "noise_1_mlp0_var": 0.6185916347382773, "noise_1_mlp1_var": 0.6564402272709545, "noise_1_mlp2_var": 0.6936292770730179, "noise_1_mlp3_var": 0.6449881171348167, "noise_1_mlp4_var": 0.5636100914021873}