{"cell_id": 586073683, "noise_1_mlp0_var": 0.8021367614051204, "noise_1_mlp1_var": 0.7263198465836953, "noise_1_mlp2_var": 0.785528868073196, "noise_1_mlp3_var": 0.751400185847706, "noise_1_mlp4_var": 0.7325601061641338}