{"cell_id": 586072464, "noise_1_base_var": 0.7307732669957663, "noise_1_mlp0_var": 0.6858235969688736, "noise_1_mlp1_var": 0.6469120938016422, "noise_1_mlp2_var": 0.720463965692887, "noise_1_mlp3_var": 0.585179576444733, "noise_1_mlp4_var": 0.6762106064452367}