{"cell_id": 586559181, "noise_1_base_var": 0.6321627866913152, "noise_1_mlp0_var": 0.5456587183357491, "noise_1_mlp1_var": 0.5859059370684467, "noise_1_mlp2_var": 0.5052576832390385, "noise_1_mlp3_var": 0.5848827338638064, "noise_1_mlp4_var": 0.5915432489824353}