{"cell_id": 586566174, "noise_1_base_var": 0.37532935896232394, "noise_1_mlp0_var": 0.5189659383276306, "noise_1_mlp1_var": 0.4937862758377582, "noise_1_mlp2_var": 0.46336830210963564, "noise_1_mlp3_var": 0.4434758733916176, "noise_1_mlp4_var": 0.3912854803085438}