{"cell_id": 587045566, "noise_1_mlp0_var": 0.704966225716477, "noise_1_mlp1_var": 0.7264485071553001, "noise_1_mlp2_var": 0.7916773220513049, "noise_1_mlp3_var": 0.6279597791442864, "noise_1_mlp4_var": 0.7525929787131589}