{"cell_id": 589128331, "noise_1_mlp0_var": 0.6714861774498733, "noise_1_mlp1_var": 0.43578151384638203, "noise_1_mlp2_var": 0.5428796578458216, "noise_1_mlp3_var": 0.6768688387546433, "noise_1_mlp4_var": 0.4532092091491011}