{"cell_id": 589442285, "noise_1_base_var": 0.45854091586694073, "noise_1_mlp0_var": 0.46233548849519657, "noise_1_mlp1_var": 0.563138963499186, "noise_1_mlp2_var": 0.5224547165910999, "noise_1_mlp3_var": 0.5944982588029857, "noise_1_mlp4_var": 0.5467128955730247}