{"cell_id": 589427435, "noise_1_base_var": 0.46694249528969867, "noise_1_mlp0_var": 0.34009750935539823, "noise_1_mlp1_var": 0.0, "noise_1_mlp2_var": 0.6045298802634281, "noise_1_mlp3_var": 0.7059058362185185, "noise_1_mlp4_var": 0.22582410080425686}