{"cell_id": 589760138, "noise_1_base_var": 0.5334927566099359, "noise_1_mlp0_var": 0.5931581136241683, "noise_1_mlp1_var": 0.5037003863489564, "noise_1_mlp2_var": 0.5939308780805933, "noise_1_mlp3_var": 0.5401566422752471, "noise_1_mlp4_var": 0.3641991716034195}