{"cell_id": 590558808, "noise_1_base_var": 0.9750544717372049, "noise_1_mlp0_var": 0.9471415244353665, "noise_1_mlp1_var": 0.916083783751069, "noise_1_mlp2_var": 0.9478859733664788, "noise_1_mlp3_var": 0.9164761981906663, "noise_1_mlp4_var": 0.9181551762187519}