{"cell_id": 591278744, "noise_1_mlp0_var": 0.6650331836425053, "noise_1_mlp1_var": 0.6711946412383336, "noise_1_mlp2_var": 0.5844396285615976, "noise_1_mlp3_var": 0.6688843251125165, "noise_1_mlp4_var": 0.5768314933436127}