{"cell_id": 591265629, "noise_1_base_var": 0.24661466036733887, "noise_1_mlp0_var": 0.0, "noise_1_mlp1_var": 0.0, "noise_1_mlp2_var": 0.3580950102151444, "noise_1_mlp3_var": 0.08901778455070879, "noise_1_mlp4_var": 0.16350101020072078}