{"cell_id": 592952680, "noise_1_mlp0_var": 0.5077473333088268, "noise_1_mlp1_var": 0.3791869789767491, "noise_1_mlp2_var": 0.4953599082428617, "noise_1_mlp3_var": 0.5506904226716707, "noise_1_mlp4_var": 0.4287808943017191}