{"cell_id": 593312584, "noise_1_base_var": 0.5912385075541514, "noise_1_mlp0_var": 0.0, "noise_1_mlp1_var": 0.4706380990270231, "noise_1_mlp2_var": 0.6671430594779204, "noise_1_mlp3_var": 0.6535616975146181, "noise_1_mlp4_var": 0.6067677956631617}