{"cell_id": 593321019, "noise_1_mlp0_var": 0.6611721944924459, "noise_1_mlp1_var": 0.7717853846929643, "noise_1_mlp2_var": 0.727182938340161, "noise_1_mlp3_var": 0.845701160839624, "noise_1_mlp4_var": 0.6127862196299627}