{"cell_id": 594091004, "noise_1_base_var": 0.8537647211918185, "noise_1_mlp0_var": 0.7943498693892465, "noise_1_mlp1_var": 0.7965738502854249, "noise_1_mlp2_var": 0.7850265399291951, "noise_1_mlp3_var": 0.6384089753636228, "noise_1_mlp4_var": 0.5489874567416534}