{"cell_id": 598628992, "noise_1_mlp0_var": 0.0, "noise_1_mlp1_var": 0.0, "noise_1_mlp2_var": 0.08697722998051997, "noise_1_mlp3_var": 0.08383849080829157, "noise_1_mlp4_var": 0.08013144186196093}