{"cell_id": 603402458, "noise_1_base_var": 0.37846621576927647, "noise_1_mlp0_var": 0.568053805206696, "noise_1_mlp1_var": 0.23080287950197884, "noise_1_mlp2_var": 0.23877639512353926, "noise_1_mlp3_var": 0.2392382020758675, "noise_1_mlp4_var": 0.42915074125582375}