{"cell_id": 603423462, "noise_1_mlp0_var": 0.6805327695696548, "noise_1_mlp1_var": 0.7506043282142558, "noise_1_mlp2_var": 0.6253014893953974, "noise_1_mlp3_var": 0.6168532044667081, "noise_1_mlp4_var": 0.5551299749147525}