{"cell_id": 605660220, "noise_1_base_var": 0.4757091278109511, "noise_1_mlp0_var": 0.5908172652065894, "noise_1_mlp1_var": 0.3969922865428107, "noise_1_mlp2_var": 0.47261197727665194, "noise_1_mlp3_var": 0.46969623863514, "noise_1_mlp4_var": 0.4254980412357902}