{"cell_id": 609435731, "noise_1_base_var": 0.9508673741773964, "noise_1_mlp0_var": 0.8967361603170084, "noise_1_mlp1_var": 0.9565210982892083, "noise_1_mlp2_var": 0.8922531291588066, "noise_1_mlp3_var": 0.8904791889677414, "noise_1_mlp4_var": 0.9353235958951095}