{"cell_id": 614767057, "noise_1_base_var": 0.9276169059189477, "noise_1_mlp0_var": 0.8907008766973772, "noise_1_mlp1_var": 0.858125309858606, "noise_1_mlp2_var": 0.9167005125468863, "noise_1_mlp3_var": 0.9429795944650645, "noise_1_mlp4_var": 0.8613853110362822}