{"cell_id": 614777438, "noise_1_base_var": 0.9778031581771638, "noise_1_mlp0_var": 0.956982142730929, "noise_1_mlp1_var": 0.9475699714985503, "noise_1_mlp2_var": 0.9729824597176673, "noise_1_mlp3_var": 0.9556009194479377, "noise_1_mlp4_var": 0.913170790623984}