,El_reference,C,asc_amp_array_0,asc_amp_array_1,init_threshold,spike_cut_length,asc_tau_array_0,asc_tau_array_1,R_input,coeffs_th_inf,input_features
0,0.08511167415629187,0.3764190679294656,-0.030672753853240708,0.13168754041367245,0.046163912885453476,0.1793516223321741,0.5329081632653061,0.8608843537414966,0.09369430387430655,0.0628025281511851,latents
1,0.1411779207757169,0.4848224991471485,-0.04652189411854677,0.19518534567756188,0.01601149598145888,0.3292653417902341,0.4836734693877551,0.856547619047619,0.08715653239511564,0.11204574650188012,cell
2,0.06723193775040555,0.5977225009186433,0.029521858642613676,0.025822668027983366,-0.0007671493461002043,0.058536975382099385,0.4676020408163266,0.8647959183673469,0.16364256980472877,-0.011129410929570493,morph
3,0.11357801721550823,0.5019193052941133,-0.029242486035134685,0.17346171029653326,0.048068225174805336,0.31862737163510024,0.5120748299319728,0.8401360544217686,0.11269662324190259,0.05310319178404967,latents+cell
4,0.1074214444904383,0.5945139519779087,0.03168535353987305,0.10942114362261293,0.027184397383920512,0.17650788067200807,0.4303571428571429,0.8278061224489794,0.18632789746274925,0.0014996643056962577,latents+morph
5,0.13445838526530324,0.6586389995879485,0.04563227793069802,0.1480681018510826,0.019759651966834667,0.35442280171772345,0.43860544217687075,0.8073129251700679,0.2165674155756022,0.05001867832577889,cell+morph
6,0.11933107566295789,0.6420489782424844,0.03273208533680392,0.13225864558741335,0.030518304241562544,0.3437091654850256,0.4466836734693878,0.8113945578231293,0.2163987103354886,0.02401733073924801,latents+cell+morph
