,El_reference,C,asc_amp_array_0,asc_amp_array_1,init_threshold,spike_cut_length,asc_tau_array_0,asc_tau_array_1,R_input,coeffs_th_inf,input_features
0,0.07010638086524698,0.09397810552377632,0.17331456755616306,0.06423313371976636,0.10222521707317939,0.05180882114810658,0.02479087880256396,0.029346468857310168,0.10871890922949339,0.13711594582915954,latents
1,0.07450468288400386,0.10068326868873136,0.12282605157963357,0.11783432233546207,0.12204432006432293,0.05004585231557811,0.042613495954736944,0.02584194725908856,0.04895228549563566,0.06034292520155219,cell
2,0.05569001293744164,0.07626576923823726,0.10866325733674666,0.05631677614808867,0.13542895190916043,0.07308979169321221,0.05304405138111262,0.02747533064864542,0.16503347097509216,0.06989200744915887,morph
3,0.07692755018436301,0.048726183868183615,0.1738165982852371,0.11764988287733084,0.09414117633388058,0.09177405430417065,0.06915811673862621,0.020180131937675254,0.1121259773647725,0.10518987717046072,latents+cell
4,0.04792129095320276,0.0540767788510878,0.143948033537278,0.06663054659187462,0.132973320551455,0.06582017728015453,0.003571428571428581,0.04604574170354488,0.13357192592768505,0.07347944670553422,latents+morph
5,0.0637722539742888,0.056262981130371495,0.09713109865397267,0.10187066640551112,0.13281345318039073,0.07091440366813784,0.04646437781025471,0.04230422948029999,0.1621095906308619,0.0837005195499674,cell+morph
6,0.050424105055128086,0.04551775460276839,0.14385284434186857,0.06924304498757297,0.12396682140976514,0.08640121661571434,0.04676375978776424,0.04757164793508774,0.14056836261711989,0.1058758007601926,latents+cell+morph
