,El_reference,C,asc_amp_array_0,asc_amp_array_1,init_threshold,spike_cut_length,asc_tau_array_0,asc_tau_array_1,R_input,coeffs_th_inf,input_features
0,0.04640281532171187,0.17940255770861532,0.11378719070076372,0.051800746104804556,0.08961357167636068,0.06300135704796127,0.02872136315313789,0.039013471997114725,0.06338663413220114,0.05270640997154912,latents
1,0.0326012092583157,0.10813510522847991,0.15076321800422035,0.10515166457595905,0.09025930767159128,0.14375670284860678,0.0264541895991167,0.02061193619130761,0.10492416275614591,0.08713674168411907,cell
2,0.02617351243261512,0.05470692457484616,0.09169737191433747,0.12972643023279617,0.09421072441226067,0.06723856226760597,0.0430362847037403,0.027190149412818547,0.04859802318266676,0.03502000785969954,morph
3,0.03881797434065682,0.10204982549481836,0.13989249529758988,0.08892044095246775,0.06903895912039612,0.06419941960581874,0.031488314539203,0.04153317502553135,0.06340974281358727,0.07453129030324729,latents+cell
4,0.060037049799749616,0.06178401442191061,0.08832438442243296,0.08881114405053876,0.09508583203295841,0.0847210521917069,0.023831379667487548,0.021582564053600553,0.04974592956487848,0.037657953171082434,latents+morph
5,0.01833931003291194,0.0476115865208086,0.10411590059643529,0.12981634264613284,0.11568014671512683,0.03527341789078572,0.03513294268115556,0.021582564053600553,0.0356578739111535,0.03540285027688757,cell+morph
6,0.05459282541652385,0.05848432873330135,0.08766386002463998,0.09453837054951823,0.09214819082695085,0.07747642536703461,0.06268477707003554,0.014466782529344697,0.04005838405838453,0.043100427738076645,latents+cell+morph
