,El_reference,C,asc_amp_array_0,asc_amp_array_1,init_threshold,spike_cut_length,asc_tau_array_0,asc_tau_array_1,R_input,coeffs_th_inf,input_features
0,0.07569403642197606,0.3550788946946136,0.008948368910855575,0.06366574737335454,0.11878052303175568,0.22819014427576137,0.5451530612244897,0.8527210884353742,0.02782375998084219,0.056459159166494424,latents
1,0.06754116496286795,0.500814463579782,0.06762406229821809,0.15720523421515617,0.028919161950772022,0.39780723278218943,0.5079931972789116,0.8483843537414966,0.032100105427183376,0.1215298128198016,cell
2,0.11447380527500195,0.5649514407137306,-0.018723752517075743,0.04749880204881578,0.06943990526890798,0.2313328987705418,0.5328231292517006,0.8648809523809524,0.16004469441555463,0.10637796080413671,morph
3,0.08048365784541896,0.5110430460939923,0.07377704959049125,0.15563556772817355,0.10920113199303402,0.3900456603887821,0.5451530612244898,0.8485544217687074,0.05097166949559424,0.09983774105167861,latents+cell
4,0.11517744615894929,0.6105154843819218,-0.01136700980108385,0.07714273356370538,0.14382510656879924,0.25681467722805634,0.5369047619047619,0.8567176870748299,0.18060633013702876,0.11226181889934353,latents+morph
5,0.126638346035861,0.634392120009205,0.012888623202857174,0.14126553311869366,0.06257347281769585,0.37266551667969805,0.5369047619047619,0.8567176870748299,0.17755742006429615,0.14270579224166693,cell+morph
6,0.11188699645949743,0.6413377311693859,0.003823453615428951,0.1376859745028572,0.13226435173549272,0.33675992511316644,0.5370748299319729,0.8525510204081632,0.19298527083219302,0.12377170102682891,latents+cell+morph
